{"data":{"file":{"childrenF2021Csv":[{"Course_Code":"ACCT 100 LEC 1"},{"Course_Code":"ACCT 100 LEC 2"},{"Course_Code":"ACCT 100 LEC 3"},{"Course_Code":"ACCT 100 LEC 4"},{"Course_Code":"ACCT 100 LEC 5"},{"Course_Code":"ACCT 100 LEC 6"},{"Course_Code":"ACCT 130 LEC 1"},{"Course_Code":"ACCT 130 LEC 2"},{"Course_Code":"ACCT 130 LEC 3"},{"Course_Code":"ACCT 130 LEC 4"},{"Course_Code":"ACCT 130 LEC 5"},{"Course_Code":"ACCT 130 LEC 6"},{"Course_Code":"ACCT 202 LEC 1"},{"Course_Code":"ACCT 220 LEC 1"},{"Course_Code":"ACCT 220 LEC 2"},{"Course_Code":"ACCT 370 LEC 1"},{"Course_Code":"ACCT 370 LEC 2"},{"Course_Code":"ACCT 411 LEC 1"},{"Course_Code":"ACF 2101 LEC 1"},{"Course_Code":"ACF 2101 LEC 2"},{"Course_Code":"ACF 5101 LEC 1"},{"Course_Code":"ACF 5101 LEC 1"},{"Course_Code":"ANTH 100 LEC 1"},{"Course_Code":"ANTH 100 LEC 2"},{"Course_Code":"ANTH 237 LEC 1"},{"Course_Code":"ANTH 242 LEC 1"},{"Course_Code":"ANTH 246 LEC 1"},{"Course_Code":"ANTH 276 LEC 1"},{"Course_Code":"ANTH 363 LEC 1"},{"Course_Code":"ANTH 464 LEC 1"},{"Course_Code":"REL 453 w/ ANTH 464"},{"Course_Code":"BIO 216 LEC 1"},{"Course_Code":"BIO 221 LEC 1"},{"Course_Code":"BIO 300 LAB 1"},{"Course_Code":"BIO 300 LAB 1a"},{"Course_Code":"BIO 500 w/ BIO 300"},{"Course_Code":"BIO 313 LEC 1"},{"Course_Code":"BIO 313 LEC 1"},{"Course_Code":"BIO 331 LEC 1"},{"Course_Code":"BIO 331 LEC 1"},{"Course_Code":"CS 330 w/ BIO 331"},{"Course_Code":"BIO 401 SEM 1"},{"Course_Code":"BIO 403 LEC 1"},{"Course_Code":"BIO 511 LEC 1"},{"Course_Code":"BIO 513 LEC 1"},{"Course_Code":"BIO 516 LEC 1"},{"Course_Code":"BIO 517 LEC 1"},{"Course_Code":"BIO 522 LEC 1"},{"Course_Code":"BIO 531 LEC 1"},{"Course_Code":"BIO 5311 LEC 1"},{"Course_Code":"CHE 210 LEC 1"},{"Course_Code":"CHE 221 LEC 1"},{"Course_Code":"CHE 260 LEC 1"},{"Course_Code":"CHE 312 LEC 1"},{"Course_Code":"CHE 320 LEC 1"},{"Course_Code":"CHE 330 LEC 1"},{"Course_Code":"CHE 340 LEC 1"},{"Course_Code":"CHE 400 LAB 1"},{"Course_Code":"CHE 422 LEC 1"},{"Course_Code":"CHE 430 LEC 1"},{"Course_Code":"CHE 440 LEC 1"},{"Course_Code":"CHEM 101 LEC 1"},{"Course_Code":"CHEM 221 LEC 1"},{"Course_Code":"PHY 335 w/ CHEM 221"},{"Course_Code":"CHEM 231 LEC 1"},{"Course_Code":"CHEM 314 LEC 1"},{"Course_Code":"CHEM 324 LEC 1"},{"Course_Code":"CHEM 332 LEC 1"},{"Course_Code":"CHEM 342 LEC 1"},{"Course_Code":"CHEM 342 LEC 1"},{"Course_Code":"CHEM 542 w/ CHEM 342"},{"Course_Code":"CHEM 410 LAB 1"},{"Course_Code":"CHEM 430 LAB 1"},{"Course_Code":"CHEM 516 LEC 1"},{"Course_Code":"CHEM 521 LEC 1"},{"Course_Code":"CHEM 531 LEC 1"},{"Course_Code":"CHEM 532 LEC 1"},{"Course_Code":"CHEM 721 LEC 1"},{"Course_Code":"CHEM 731 LEC 1"},{"Course_Code":"CLCS 1000 LEC 1"},{"Course_Code":"Home and Displacement"},{"Course_Code":"Kirk, Maryam Wasif Khan,"},{"Course_Code":"Fatima Fayyaz, Bilal Tanweer,"},{"Course_Code":"Zahid Hussain"},{"Course_Code":"CLCS 1122 LEC 1"},{"Course_Code":"CLCS 2112 SEM 1"},{"Course_Code":"CLCS 2116 LEC 1"},{"Course_Code":"CLCS 2119 LEC 1"},{"Course_Code":"CLCS 2122 LEC 1"},{"Course_Code":"CLCS 2214 LEC 1"},{"Course_Code":"CLCS 2413 LEC 1"},{"Course_Code":"CLCS 2415 LEC 1"},{"Course_Code":"ANTH 267 w/ CLCS 2415"},{"Course_Code":"CLCS 2514 LEC 1"},{"Course_Code":"REL 234 w/ CLCS 2514"},{"Course_Code":"CLCS 3124 LEC 1"},{"Course_Code":"CS 100 LEC 1"},{"Course_Code":"CS 100 LAB 1"},{"Course_Code":"CS 100 LEC 2"},{"Course_Code":"CS 100 LAB 2"},{"Course_Code":"CS 100 LEC 3"},{"Course_Code":"CS 100 LAB 3"},{"Course_Code":"CS 100 LEC 4"},{"Course_Code":"CS 100 LAB 4"},{"Course_Code":"CS 200 LEC 1"},{"Course_Code":"CS 200 LAB 1"},{"Course_Code":"CS 200 LEC 2"},{"Course_Code":"CS 200 LAB 2"},{"Course_Code":"EE 201 w/ CS 200"},{"Course_Code":"CS 202 LEC 1"},{"Course_Code":"EE 202 w/ CS 202"},{"Course_Code":"CS 210 LEC 1"},{"Course_Code":"CS 210 LEC 2"},{"Course_Code":"MATH 252 w/ CS 210"},{"Course_Code":"CS 225 LEC 1"},{"Course_Code":"CS 225 LEC 2"},{"Course_Code":"CS 310 LEC 1"},{"Course_Code":"CS 334 LEC 1"},{"Course_Code":"EE 402 w/ CS 334"},{"Course_Code":"CS 340 LEC 1"},{"Course_Code":"CS 340 LEC 2"},{"Course_Code":"CS 370 LEC 1"},{"Course_Code":"CS 436 LEC 1"},{"Course_Code":"CS 5310 w/ CS 436"},{"Course_Code":"EE 513 w/ CS 436"},{"Course_Code":"CS 452 LEC 1"},{"Course_Code":"CS 466 LEC 1"},{"Course_Code":"CS 5613 w/ CS 466"},{"Course_Code":"CS 501 LEC 1"},{"Course_Code":"EE 515 w/ CS 501"},{"Course_Code":"MATH 439 w/ CS 501"},{"Course_Code":"CS 510 LEC 1"},{"Course_Code":"CS 535 LEC 1"},{"Course_Code":"EE 514 w/ CS 535"},{"Course_Code":"CS 582 LEC 1"},{"Course_Code":"CS 636 LEC 1"},{"Course_Code":"CS 6712 LEC 1"},{"Course_Code":"CS 682 LEC 1"},{"Course_Code":"CS 682 LEC 1"},{"Course_Code":"DISC 203 LEC 1"},{"Course_Code":"DISC 203 LEC 2"},{"Course_Code":"DISC 203 LEC 3"},{"Course_Code":"DISC 203 LEC 4"},{"Course_Code":"DISC 212 LEC 1"},{"Course_Code":"DISC 212 LEC 2"},{"Course_Code":"DISC 212 LEC 3"},{"Course_Code":"DISC 212 LEC 4"},{"Course_Code":"DISC 231 LEC 1"},{"Course_Code":"DISC 320 LEC 1"},{"Course_Code":"DISC 320 LEC 2"},{"Course_Code":"DISC 321 LEC 1"},{"Course_Code":"DISC 321 LEC 2"},{"Course_Code":"DISC 322 LEC 1"},{"Course_Code":"DISC 323 LEC 1"},{"Course_Code":"DISC 325 LEC 1"},{"Course_Code":"DISC 326 LEC 1"},{"Course_Code":"DISC 326 LEC 2"},{"Course_Code":"DISC 331 LEC 1"},{"Course_Code":"DISC 333 LEC 1"},{"Course_Code":"DISC 333 LEC 2"},{"Course_Code":"DISC 420 LEC 1"},{"Course_Code":"DISC 7005 LEC 1"},{"Course_Code":"DISC 8301 LEC 1"},{"Course_Code":"ECON 100 LEC 1"},{"Course_Code":"ECON 100 LEC 2"},{"Course_Code":"ECON 111 LEC 1"},{"Course_Code":"ECON 111 RAC 1"},{"Course_Code":"ECON 111 RAC 2"},{"Course_Code":"ECON 111 RAC 3"},{"Course_Code":"ECON 111 LEC 2"},{"Course_Code":"ECON 111 RAC 4"},{"Course_Code":"ECON 111 RAC 5"},{"Course_Code":"ECON 111 RAC 6"},{"Course_Code":"ECON 111 LEC 3"},{"Course_Code":"ECON 111 RAC 7"},{"Course_Code":"ECON 111 RAC 8"},{"Course_Code":"ECON 111 RAC 9"},{"Course_Code":"ECON 121 LEC 1"},{"Course_Code":"ECON 121 RAC 1"},{"Course_Code":"ECON 121 RAC 2"},{"Course_Code":"ECON 121 RAC 3"},{"Course_Code":"ECON 121 LEC 2"},{"Course_Code":"ECON 121 RAC 4"},{"Course_Code":"ECON 121 RAC 5"},{"Course_Code":"ECON 121 RAC 6"},{"Course_Code":"ECON 121 LEC 3"},{"Course_Code":"ECON 121 RAC 7"},{"Course_Code":"ECON 121 RAC 8"},{"Course_Code":"ECON 121 RAC 9"},{"Course_Code":"ECON 202 LEC 1"},{"Course_Code":"ECON 211 LEC 1"},{"Course_Code":"ECON 211 LEC 2"},{"Course_Code":"ECON 221 LEC 1"},{"Course_Code":"ECON 221 LEC 1"},{"Course_Code":"ECON 221 LEC 2"},{"Course_Code":"ECON 230 LEC 1"},{"Course_Code":"ECON 230 LEC 1"},{"Course_Code":"ECON 230 LAB 1"},{"Course_Code":"ECON 230 LAB 2"},{"Course_Code":"ECON 230 LEC 2"},{"Course_Code":"ECON 230 LEC 2"},{"Course_Code":"ECON 230 LAB 3"},{"Course_Code":"ECON 230 LAB 4"},{"Course_Code":"ECON 230 LEC 3"},{"Course_Code":"ECON 230 LAB 5"},{"Course_Code":"ECON 230 LAB 6"},{"Course_Code":"ECON 233 LEC 1"},{"Course_Code":"ECON 233 LEC 2"},{"Course_Code":"MATH 232 w/ ECON 233"},{"Course_Code":"ECON 240 LEC 1"},{"Course_Code":"ECON 247 LEC 1"},{"Course_Code":"ECON 262 LEC 1"},{"Course_Code":"ECON 262 LEC 2"},{"Course_Code":"ECON 3110 LEC 1"},{"Course_Code":"ECON 3113 LEC 1"},{"Course_Code":"ECON 314 LEC 1"},{"Course_Code":"ECON 330 LEC 1"},{"Course_Code":"ECON 330 LEC 1"},{"Course_Code":"ECON 330 LAB 1"},{"Course_Code":"ECON 330 LAB 2"},{"Course_Code":"ECON 330 LEC 2"},{"Course_Code":"ECON 330 LEC 2"},{"Course_Code":"ECON 330 LAB 3"},{"Course_Code":"ECON 330 LAB 4"},{"Course_Code":"ECON 425 LEC 1"},{"Course_Code":"ECON 4410 LEC 1"},{"Course_Code":"ECON 4410 LEC 1"},{"Course_Code":"ECON 4416 LEC 1"},{"Course_Code":"ECON 444 LEC 1"},{"Course_Code":"ECON 449 LEC 1"},{"Course_Code":"ECON 454 LEC 1"},{"Course_Code":"ECON 511 LEC 1"},{"Course_Code":"ECON 531 LEC 1"},{"Course_Code":"ECON 536 LEC 1"},{"Course_Code":"EDU 210 LEC 1"},{"Course_Code":"EDU 210 LEC 1"},{"Course_Code":"EDU 214 LEC 1"},{"Course_Code":"EDU 272 LEC 1"},{"Course_Code":"EDU 274 LEC 1"},{"Course_Code":"EDU 317 LEC 1"},{"Course_Code":"EDU 3212 LEC 1"},{"Course_Code":"EDU 3213 LEC 1"},{"Course_Code":"EDU 328 LEC 1"},{"Course_Code":"EDU 343 LEC 1"},{"Course_Code":"EDU 357 LEC 1"},{"Course_Code":"EDU 363 LEC 1"},{"Course_Code":"EDU 453 LEC 1"},{"Course_Code":"EDU 510 LEC 1"},{"Course_Code":"EDU 540 LEC 1"},{"Course_Code":"EDU 560 LEC 1"},{"Course_Code":"EDU 590 FLD 1"},{"Course_Code":"EDU 614 LEC 1"},{"Course_Code":"EDU 622 LEC 1"},{"Course_Code":"EDU 623 LEC 1"},{"Course_Code":"EDU 690 LEC 1"},{"Course_Code":"EDU 690 LEC 2"},{"Course_Code":"EDU 690 LEC 3"},{"Course_Code":"EDU 693 LEC 1"},{"Course_Code":"EDU 693 LEC 2"},{"Course_Code":"EE 100 LAB 1"},{"Course_Code":"EE 100 LAB 2"},{"Course_Code":"EE 100 LAB 3"},{"Course_Code":"EE 100 LAB 4"},{"Course_Code":"EE 203 LEC 1"},{"Course_Code":"EE 212 LEC 1"},{"Course_Code":"EE 240 LEC 1"},{"Course_Code":"EE 324 LEC 1"},{"Course_Code":"EE 324L LAB 1"},{"Course_Code":"EE 324L LAB 2"},{"Course_Code":"EE 330 LEC 1"},{"Course_Code":"PHY 305 w/ EE 330"},{"Course_Code":"EE 340 LEC 1"},{"Course_Code":"EE 340 LEC 2"},{"Course_Code":"EE 340L LAB 1"},{"Course_Code":"EE 340L LAB 2"},{"Course_Code":"EE 380 LEC 1"},{"Course_Code":"EE 380L LAB 1"},{"Course_Code":"EE 380L LAB 2"},{"Course_Code":"EE 414 LEC 1"},{"Course_Code":"CS 437 w/ EE 414"},{"Course_Code":"CS 5317 w/ EE 414"},{"Course_Code":"EE 517 w/ EE 414"},{"Course_Code":"EE 421 LEC 1"},{"Course_Code":"EE 421L LAB 1"},{"Course_Code":"EE 421L LAB 2"},{"Course_Code":"EE 452 LEC 1"},{"Course_Code":"EE 552 w/ EE 452"},{"Course_Code":"EE 452L LAB 1"},{"Course_Code":"EE 452L LAB 2"},{"Course_Code":"EE 552L w/ EE 452L"},{"Course_Code":"EE 453 LEC 1"},{"Course_Code":"EE 453L LAB 1"},{"Course_Code":"EE 453L LAB 2"},{"Course_Code":"EE 471 LEC 1"},{"Course_Code":"EE 471 LEC 1"},{"Course_Code":"CS 471 w/ EE 471"},{"Course_Code":"CS 573 w/ EE 471"},{"Course_Code":"EE 512 LEC 1"},{"Course_Code":"CS 653 w/ EE 512"},{"Course_Code":"EE 520 LEC 1"},{"Course_Code":"CS 622 w/ EE 520"},{"Course_Code":"EE 527 LEC 1"},{"Course_Code":"EE 528 LEC 1"},{"Course_Code":"PHY 537 w/ EE 528"},{"Course_Code":"EE 529 LEC 1"},{"Course_Code":"EE 554 LEC 1"},{"Course_Code":"EE 555 LEC 1"},{"Course_Code":"EE 556 LEC 1"},{"Course_Code":"EE 558 LEC 1"},{"Course_Code":"EE 558 LEC 1"},{"Course_Code":"EE 562 LEC 1"},{"Course_Code":"EE 562 LEC 1"},{"Course_Code":"CS 5610 w/ EE 562"},{"Course_Code":"EE 564 LEC 1"},{"Course_Code":"EE 569 LEC 1"},{"Course_Code":"CS 6314 w/ EE 569"},{"Course_Code":"EE 573 LEC 1"},{"Course_Code":"CS 652 w/ EE 573"},{"Course_Code":"EE 576 LEC 1"},{"Course_Code":"EMBA 5013 LEC 1"},{"Course_Code":"EMBA 5013 LEC 1"},{"Course_Code":"EMBA 5013 LEC 2"},{"Course_Code":"EMBA 5013 LEC 2"},{"Course_Code":"EMBA 5022 LEC 1"},{"Course_Code":"EMBA 5022 LEC 2"},{"Course_Code":"EMBA 5041 LEC 1"},{"Course_Code":"EMBA 5041 LEC 1"},{"Course_Code":"EMBA 5041 LEC 2"},{"Course_Code":"EMBA 5041 LEC 2"},{"Course_Code":"EMBA 5063 LEC 1"},{"Course_Code":"EMBA 5063 LEC 1"},{"Course_Code":"EMBA 5063 LEC 2"},{"Course_Code":"EMBA 5063 LEC 2"},{"Course_Code":"EMBA 5211 LEC 1"},{"Course_Code":"EMBA 5211 LEC 2"},{"Course_Code":"EMBA 6071 LEC 1"},{"Course_Code":"EMBA 6071 LEC 1"},{"Course_Code":"EMBA 6071 LEC 1"},{"Course_Code":"EMBA 6071 LEC 2"},{"Course_Code":"ENGL 1000 LEC 1"},{"Course_Code":"ENGL 1161 LEC 1"},{"Course_Code":"ENGL 2131 LEC 1"},{"Course_Code":"ENGL 2191 LEC 1"},{"Course_Code":"SS 2334 w/ ENGL 2191"},{"Course_Code":"ENGL 2253 LEC 1"},{"Course_Code":"ENGL 2421 LEC 1"},{"Course_Code":"ENGL 3172 LEC 1"},{"Course_Code":"GSS 362 w/ ENGL 3172"},{"Course_Code":"ENGL 3211 LEC 1"},{"Course_Code":"ENGL 3912 LEC 1"},{"Course_Code":"ENGL 4572 LEC 1"},{"Course_Code":"FINN 100 LEC 1"},{"Course_Code":"FINN 100 LEC 2"},{"Course_Code":"FINN 200 LEC 1"},{"Course_Code":"FINN 200 LEC 2"},{"Course_Code":"FINN 222 LEC 1"},{"Course_Code":"FINN 243 LEC 1"},{"Course_Code":"FINN 321 LEC 1"},{"Course_Code":"FINN 353 LEC 1"},{"Course_Code":"FINN 372 LEC 1"},{"Course_Code":"FINN 400 LEC 1"},{"Course_Code":"FINN 441 LEC 1"},{"Course_Code":"FINN 453 LEC 1"},{"Course_Code":"FINN 454 LEC 1"},{"Course_Code":"FMG 5101 LEC 1"},{"Course_Code":"GSS 302 LEC 1"},{"Course_Code":"HIST 124 LEC 1"},{"Course_Code":"HIST 218 LEC 1"},{"Course_Code":"HIST 2223 LEC 1"},{"Course_Code":"HIST 2311 LEC 1"},{"Course_Code":"HIST 2324 LEC 1"},{"Course_Code":"SOC 239 w/ HIST 2324"},{"Course_Code":"HIST 3218 LEC 1"},{"Course_Code":"HIST 342 LEC 1"},{"Course_Code":"HIST 437 LEC 1"},{"Course_Code":"LANG 123 LEC 1"},{"Course_Code":"LANG 124 LEC 1"},{"Course_Code":"LANG 127 LEC 1"},{"Course_Code":"LANG 128 LEC 1"},{"Course_Code":"LANG 129 LEC 1"},{"Course_Code":"LANG 2212 LEC 1"},{"Course_Code":"LANG 229 LEC 1"},{"Course_Code":"LAW 102 LEC 1"},{"Course_Code":"LAW 102 LEC 2"},{"Course_Code":"LAW 102 LEC 3"},{"Course_Code":"LAW 102 LEC 4"},{"Course_Code":"LAW 220 LEC 1"},{"Course_Code":"LAW 222 LEC 1"},{"Course_Code":"LAW 224 LEC 1"},{"Course_Code":"LAW 224 LEC 2"},{"Course_Code":"LAW 240 LEC 1"},{"Course_Code":"LAW 280 LEC 1"},{"Course_Code":"LAW 280 LEC 2"},{"Course_Code":"LAW 302 LEC 1"},{"Course_Code":"LAW 305 LEC 1"},{"Course_Code":"LAW 320 LEC 1"},{"Course_Code":"LAW 320 LEC 2"},{"Course_Code":"LAW 3214 LEC 1"},{"Course_Code":"LAW 3215 LEC 1"},{"Course_Code":"LAW 3611 LEC 1"},{"Course_Code":"LAW 3611 LEC 2"},{"Course_Code":"LAW 3912 LEC 1"},{"Course_Code":"LAW 425 LEC 1"},{"Course_Code":"LAW 4312 LEC 1"},{"Course_Code":"LAW 4313 LEC 1"},{"Course_Code":"LAW 4514 LEC 1"},{"Course_Code":"LAW 470 LEC 1"},{"Course_Code":"LAW 470 LEC 2"},{"Course_Code":"LAW 471 LEC 1"},{"Course_Code":"LAW 471 LEC 2"},{"Course_Code":"LAW 481A LEC 1"},{"Course_Code":"LAW 481A LEC 2"},{"Course_Code":"LAW 481A LEC 3"},{"Course_Code":"LAW 4917 LEC 1"},{"Course_Code":"MATH 100 LEC 1"},{"Course_Code":"MATH 100 LEC 2"},{"Course_Code":"MATH 100 LEC 3"},{"Course_Code":"MATH 101 LEC 1"},{"Course_Code":"MATH 101 LEC 2"},{"Course_Code":"MATH 101 LEC 3"},{"Course_Code":"MATH 101 LEC 4"},{"Course_Code":"MATH 102 LEC 1"},{"Course_Code":"MATH 102 LEC 2"},{"Course_Code":"MATH 120 LEC 1"},{"Course_Code":"MATH 120 LEC 2"},{"Course_Code":"MATH 120 LEC 3"},{"Course_Code":"MATH 204 LEC 1"},{"Course_Code":"MATH 210 LEC 1"},{"Course_Code":"MATH 222 LEC 1"},{"Course_Code":"MATH 230 LEC 1"},{"Course_Code":"MATH 231 LEC 1"},{"Course_Code":"MATH 300 LEC 1"},{"Course_Code":"MATH 309 LEC 1"},{"Course_Code":"MATH 320 LEC 1"},{"Course_Code":"MATH 341 LEC 1"},{"Course_Code":"MATH 547 w/ MATH 341"},{"Course_Code":"MATH 401 LEC 1"},{"Course_Code":"MATH 505 w/ MATH 401"},{"Course_Code":"MATH 404 LEC 1"},{"Course_Code":"MATH 501 w/ MATH 404"},{"Course_Code":"MATH 409 LEC 1"},{"Course_Code":"MATH 5010 w/ MATH 409"},{"Course_Code":"MATH 4112 LEC 1"},{"Course_Code":"MATH 516 w/ MATH 4112"},{"Course_Code":"MATH 412 LEC 1"},{"Course_Code":"MATH 513 w/ MATH 412"},{"Course_Code":"MATH 4418 LEC 1"},{"Course_Code":"MATH 543 w/ MATH 4418"},{"Course_Code":"MBA 5041 LEC 1"},{"Course_Code":"MBA 5041 LEC 2"},{"Course_Code":"MBA 5051 LEC 1"},{"Course_Code":"MBA 5051 LEC 2"},{"Course_Code":"MBA 5091 LEC 1"},{"Course_Code":"MBA 5091 LEC 2"},{"Course_Code":"MBA 5201A LEC 1"},{"Course_Code":"MBA 5201A LEC 2"},{"Course_Code":"MBA 5201B LEC 1"},{"Course_Code":"MBA 5201B LEC 2"},{"Course_Code":"MBA 5301 LEC 1"},{"Course_Code":"MBA 5301 LEC 2"},{"Course_Code":"MBA 5701 LEC 1"},{"Course_Code":"MBA 5701 LEC 2"},{"Course_Code":"MBA 5901 LEC 1"},{"Course_Code":"MBA 5901 LEC 2"},{"Course_Code":"MBA 6025 LEC 1"},{"Course_Code":"MBA 6032 LEC 1"},{"Course_Code":"MBA 6032 LEC 2"},{"Course_Code":"MBA 6039 LEC 1"},{"Course_Code":"MBA 6039 LEC 2"},{"Course_Code":"MBA 6040 LEC 1"},{"Course_Code":"MBA 6041A LEC 1"},{"Course_Code":"MBA 6043A LEC 1"},{"Course_Code":"MBA 6043A LEC 2"},{"Course_Code":"MBA 6045 LEC 1"},{"Course_Code":"MBA 6045 LEC 2"},{"Course_Code":"MBA 6046 LEC 1"},{"Course_Code":"MBA 6048 LEC 1"},{"Course_Code":"MBA 6048 LEC 2"},{"Course_Code":"MBA 6052 LEC 1"},{"Course_Code":"MBA 6060 LEC 1"},{"Course_Code":"MBA 6061 LEC 1"},{"Course_Code":"MBA 6061 LEC 2"},{"Course_Code":"MBA 6064 LEC 1"},{"Course_Code":"MBA 6165 LEC 1"},{"Course_Code":"MBA 6183 LEC 1"},{"Course_Code":"MBA 6213 LEC 1"},{"Course_Code":"MBA 6301 LEC 1"},{"Course_Code":"MBA 6311 LEC 1"},{"Course_Code":"MBA 6316 LEC 1"},{"Course_Code":"MBA 6324A LEC 1"},{"Course_Code":"MBA 6510 LEC 1"},{"Course_Code":"MECO 111 LEC 1"},{"Course_Code":"MECO 111 LEC 2"},{"Course_Code":"MECO 111 LEC 3"},{"Course_Code":"MECO 111 LEC 4"},{"Course_Code":"MECO 111 LEC 5"},{"Course_Code":"MECO 111 LEC 6"},{"Course_Code":"MECO 2201 LEC 1"},{"Course_Code":"MECO 2201 LEC 2"},{"Course_Code":"MECO 5201 LEC 1"},{"Course_Code":"MECO 7301 LEC 1"},{"Course_Code":"MGMT 142 LEC 1"},{"Course_Code":"MGMT 142 LEC 2"},{"Course_Code":"MGMT 142 LEC 3"},{"Course_Code":"MGMT 142 LEC 4"},{"Course_Code":"MGMT 142 LEC 5"},{"Course_Code":"MGMT 142 LEC 6"},{"Course_Code":"MGMT 212 LEC 1"},{"Course_Code":"MGMT 212 LEC 2"},{"Course_Code":"MGMT 212 LEC 3"},{"Course_Code":"MGMT 212 LEC 4"},{"Course_Code":"MGMT 212 LEC 5"},{"Course_Code":"MGMT 242 LEC 1"},{"Course_Code":"MGMT 242 LEC 2"},{"Course_Code":"MGMT 242 LEC 3"},{"Course_Code":"MGMT 243 LEC 1"},{"Course_Code":"MGMT 244 LEC 1"},{"Course_Code":"MGMT 252 LEC 1"},{"Course_Code":"MGMT 260 LEC 1"},{"Course_Code":"MGMT 260 LEC 2"},{"Course_Code":"MGMT 260 LEC 3"},{"Course_Code":"MGMT 2601 LEC 1"},{"Course_Code":"MGMT 2601 LEC 2"},{"Course_Code":"MGMT 261 LEC 1"},{"Course_Code":"MGMT 263 LEC 1"},{"Course_Code":"EDU 252 w/ MGMT 263"},{"Course_Code":"MGMT 346 LEC 1"},{"Course_Code":"MGMT 348 LEC 1"},{"Course_Code":"MGMT 365 LEC 1"},{"Course_Code":"MGMT 373 LEC 1"},{"Course_Code":"MGMT 382 LEC 1"},{"Course_Code":"MGMT 384 LEC 1"},{"Course_Code":"MGMT 400 LEC 1"},{"Course_Code":"MGMT 400 LEC 2"},{"Course_Code":"MGMT 400 LEC 3"},{"Course_Code":"MGMT 481 LEC 1"},{"Course_Code":"MGMT 7501 LEC 1"},{"Course_Code":"MKTG 201 LEC 1"},{"Course_Code":"MKTG 201 LEC 2"},{"Course_Code":"MKTG 201 LEC 3"},{"Course_Code":"MKTG 201 LEC 4"},{"Course_Code":"MKTG 222 LEC 1"},{"Course_Code":"MKTG 2401 LEC 1"},{"Course_Code":"MKTG 2401 LEC 2"},{"Course_Code":"MKTG 324 LEC 1"},{"Course_Code":"MKTG 332 LEC 1"},{"Course_Code":"MKTG 343 LEC 1"},{"Course_Code":"MKTG 344 LEC 1"},{"Course_Code":"MKTG 392 LEC 1"},{"Course_Code":"MKTG 5401 LEC 1"},{"Course_Code":"ORSC 201 LEC 1"},{"Course_Code":"ORSC 201 LEC 2"},{"Course_Code":"ORSC 201 LEC 3"},{"Course_Code":"ORSC 201 LEC 4"},{"Course_Code":"ORSC 341 LEC 1"},{"Course_Code":"ORSC 5301 LEC 1"},{"Course_Code":"ORSC 5301 LEC 1"},{"Course_Code":"ORSC 7302 LEC 1"},{"Course_Code":"ORSC 8402 LEC 1"},{"Course_Code":"PHIL 212 LEC 1"},{"Course_Code":"PHIL 213 LEC 1"},{"Course_Code":"PHIL 324 LEC 1"},{"Course_Code":"PHIL 432 LEC 1"},{"Course_Code":"PHY 100 LAB 1"},{"Course_Code":"PHY 100 LAB 2"},{"Course_Code":"PHY 100 LAB 3"},{"Course_Code":"PHY 100 LAB 4"},{"Course_Code":"PHY 101 LEC 1"},{"Course_Code":"PHY 101 RAC 1"},{"Course_Code":"PHY 101 RAC 2"},{"Course_Code":"PHY 101 LEC 2"},{"Course_Code":"PHY 101 RAC 3"},{"Course_Code":"PHY 101 RAC 4"},{"Course_Code":"PHY 204 LEC 1"},{"Course_Code":"PHY 212 LEC 1"},{"Course_Code":"PHY 301 LEC 1"},{"Course_Code":"PHY 313 LEC 1"},{"Course_Code":"PHY 510 w/ PHY 313"},{"Course_Code":"PHY 404 LEC 1"},{"Course_Code":"PHY 504 w/ PHY 404"},{"Course_Code":"PHY 433 LEC 1"},{"Course_Code":"EE 433 w/ PHY 433"},{"Course_Code":"EE 5315 w/ PHY 433"},{"Course_Code":"PHY 5315 w/ PHY 433"},{"Course_Code":"PHY 501 LEC 1"},{"Course_Code":"EE 502 w/ PHY 501"},{"Course_Code":"PHY 5114 LEC 1"},{"Course_Code":"PHY 517 LEC 1"},{"Course_Code":"PHY 5313 LEC 1"},{"Course_Code":"PHY 5314 LEC 1"},{"Course_Code":"POL 100 LEC 1"},{"Course_Code":"POL 100 LEC 2"},{"Course_Code":"POL 100 LEC 3"},{"Course_Code":"POL 131 LEC 1"},{"Course_Code":"POL 203 LEC 1"},{"Course_Code":"POL 209 LEC 1"},{"Course_Code":"POL 221 LEC 1"},{"Course_Code":"POL 225 LEC 1"},{"Course_Code":"POL 228 LEC 1"},{"Course_Code":"POL 229 LEC 1"},{"Course_Code":"POL 3113 LEC 1"},{"Course_Code":"POL 322 LEC 1"},{"Course_Code":"POL 328 LEC 1"},{"Course_Code":"POL 331 LEC 1"},{"Course_Code":"POL 431A LEC 1"},{"Course_Code":"POL 464 LEC 1"},{"Course_Code":"PSY 100 LEC 1"},{"Course_Code":"PSY 100 LEC 2"},{"Course_Code":"PSY 203 LEC 1"},{"Course_Code":"PSY 212 LEC 1"},{"Course_Code":"PSY 220 LEC 1"},{"Course_Code":"PSY 300 LEC 1"},{"Course_Code":"PSY 303 LEC 1"},{"Course_Code":"PSY 305 LEC 1"},{"Course_Code":"PSY 313 LEC 1"},{"Course_Code":"REL 212 LEC 1"},{"Course_Code":"REL 215 LEC 1"},{"Course_Code":"REL 224 LEC 1"},{"Course_Code":"REL 232 LEC 1"},{"Course_Code":"REL 333 LEC 1"},{"Course_Code":"HIST 3316 w/ REL 333"},{"Course_Code":"REL 412 LEC 1"},{"Course_Code":"SCI 103 LEC 1"},{"Course_Code":"SOC 100 LEC 1"},{"Course_Code":"SOC 100 LEC 2"},{"Course_Code":"SOC 230 LEC 1"},{"Course_Code":"SOC 237 LEC 1"},{"Course_Code":"SOC 243 LEC 1"},{"Course_Code":"SOC 265 LEC 1"},{"Course_Code":"GSS 210 w/ SOC 265"},{"Course_Code":"SOC 310 LEC 1"},{"Course_Code":"SOC 321 LEC 1"},{"Course_Code":"EDU 354 w/ SOC 321"},{"Course_Code":"SOC 410 LEC 1"},{"Course_Code":"SOC 433 LEC 1"},{"Course_Code":"SS 100 LEC 1"},{"Course_Code":"SS 100 LEC 2"},{"Course_Code":"SS 100 LEC 3"},{"Course_Code":"SS 100 LEC 4"},{"Course_Code":"SS 100 LEC 5"},{"Course_Code":"SS 100 LEC 6"},{"Course_Code":"SS 100 LEC 7"},{"Course_Code":"SS 100 LEC 8"},{"Course_Code":"SS 100 LEC 9"},{"Course_Code":"SS 100 LEC 10"},{"Course_Code":"SS 100 LEC 11"},{"Course_Code":"SS 100 LEC 12"},{"Course_Code":"SS 100 LEC 13"},{"Course_Code":"SS 100 LEC 14"},{"Course_Code":"SS 100 LEC 15"},{"Course_Code":"SS 100 LEC 16"},{"Course_Code":"SS 100 LEC 17"},{"Course_Code":"SS 100 LEC 18"},{"Course_Code":"SS 100 LEC 19"},{"Course_Code":"SS 100 LEC 20"},{"Course_Code":"SS 100 LEC 21"},{"Course_Code":"SS 100 LEC 22"},{"Course_Code":"SS 100A LEC 1"},{"Course_Code":"SS 100A LEC 2"},{"Course_Code":"SS 100A LEC 3"},{"Course_Code":"SS 100A LEC 4"},{"Course_Code":"SS 100A LEC 5"},{"Course_Code":"SS 100A LEC 6"},{"Course_Code":"SS 100A LEC 7"},{"Course_Code":"SS 101 LEC 1"},{"Course_Code":"SS 101 LEC 2"},{"Course_Code":"SS 101 LEC 3"},{"Course_Code":"SS 101 LEC 4"},{"Course_Code":"SS 101 LEC 5"},{"Course_Code":"SS 102 LEC 1"},{"Course_Code":"SS 102 LEC 2"},{"Course_Code":"SS 102 LEC 3"},{"Course_Code":"SS 102 LEC 4"},{"Course_Code":"SS 102 LEC 5"},{"Course_Code":"SS 102 LEC 6"},{"Course_Code":"SS 187 LEC 1"},{"Course_Code":"SS 2321 LEC 1"},{"Course_Code":"SS 272 LEC 1"},{"Course_Code":"SWR 102 PRT 1"},{"Course_Code":"SWR 102 PRT 1"},{"Course_Code":"SWR 102 PRT 2"},{"Course_Code":"SWR 102 PRT 2"},{"Course_Code":"SWR 102 PRT 3"},{"Course_Code":"SWR 102 PRT 3"},{"Course_Code":"SWR 102 PRT 4"},{"Course_Code":"SWR 102 PRT 4"},{"Course_Code":"SWR 103 PRT 1"},{"Course_Code":"SWR 103 PRT 2"},{"Course_Code":"SWR 103 PRT 3"},{"Course_Code":"SWR 103 PRT 4"},{"Course_Code":"SWR 103 PRT 5"},{"Course_Code":"SWR 103 PRT 6"},{"Course_Code":"SWR 104 PRT 1"},{"Course_Code":"SWR 104 PRT 2"},{"Course_Code":"SWR 105 PRT 1"},{"Course_Code":"SWR 105 PRT 2"},{"Course_Code":""},{"Course_Code":""},{"Course_Code":""},{"Course_Code":""},{"Course_Code":""},{"Course_Code":""},{"Course_Code":""},{"Course_Code":""},{"Course_Code":""},{"Course_Code":""},{"Course_Code":""}]}}}