{"data":{"allF2021Csv":{"nodes":[{"Course_Code":"ACCT 100 LEC 1","Course_Title":"Principles of Financial Accounting","Cr_Hrs":"3","Day_and_Time":"MW 11:00AM-12:15PM"},{"Course_Code":"ACCT 100 LEC 2","Course_Title":"Principles of Financial Accounting","Cr_Hrs":"3","Day_and_Time":"MW 8:00AM-9:15AM"},{"Course_Code":"ACCT 100 LEC 3","Course_Title":"Principles of Financial Accounting","Cr_Hrs":"3","Day_and_Time":"MW 3:30PM-4:45PM"},{"Course_Code":"ACCT 100 LEC 4","Course_Title":"Principles of Financial Accounting","Cr_Hrs":"3","Day_and_Time":"MW 2:00PM-3:15PM"},{"Course_Code":"ACCT 100 LEC 5","Course_Title":"Principles of Financial Accounting","Cr_Hrs":"3","Day_and_Time":"TR 11:00AM-12:15PM"},{"Course_Code":"ACCT 100 LEC 6","Course_Title":"Principles of Financial Accounting","Cr_Hrs":"3","Day_and_Time":"TR 9:30AM-10:45AM"},{"Course_Code":"ACCT 130 LEC 1","Course_Title":"Principles of Management Accounting","Cr_Hrs":"3","Day_and_Time":"TR 11:00AM-12:15PM"},{"Course_Code":"ACCT 130 LEC 2","Course_Title":"Principles of Management Accounting","Cr_Hrs":"3","Day_and_Time":"TR 3:30PM-4:45PM"},{"Course_Code":"ACCT 130 LEC 3","Course_Title":"Principles of Management Accounting","Cr_Hrs":"3","Day_and_Time":"MW 11:00AM-12:15PM"},{"Course_Code":"ACCT 130 LEC 4","Course_Title":"Principles of Management Accounting","Cr_Hrs":"3","Day_and_Time":"TR 3:30PM-4:45PM"},{"Course_Code":"ACCT 130 LEC 5","Course_Title":"Principles of Management Accounting","Cr_Hrs":"3","Day_and_Time":"MW 6:30PM-7:45PM"},{"Course_Code":"ACCT 130 LEC 6","Course_Title":"Principles of Management Accounting","Cr_Hrs":"3","Day_and_Time":"MW 8:00PM-9:15PM"},{"Course_Code":"ACCT 202 LEC 1","Course_Title":"Theory & Concepts of Accounting - Islamic\nPerspective","Cr_Hrs":"3","Day_and_Time":"MW 9:30AM-10:45AM"},{"Course_Code":"ACCT 220 LEC 1","Course_Title":"Corporate Financial Reporting-I","Cr_Hrs":"3","Day_and_Time":"TR 9:30AM-10:45AM"},{"Course_Code":"ACCT 220 LEC 2","Course_Title":"Corporate Financial Reporting-I","Cr_Hrs":"3","Day_and_Time":"TR 11:00AM-12:15PM"},{"Course_Code":"ACCT 370 LEC 1","Course_Title":"Applied Taxation","Cr_Hrs":"3","Day_and_Time":"TR 11:00AM-12:15PM"},{"Course_Code":"ACCT 370 LEC 2","Course_Title":"Applied Taxation","Cr_Hrs":"3","Day_and_Time":"TR 11:00AM-12:15PM"},{"Course_Code":"ACCT 411 LEC 1","Course_Title":"Applied Financial Analysis","Cr_Hrs":"3","Day_and_Time":"TR 3:30PM-4:45PM"},{"Course_Code":"ACF 2101 LEC 1","Course_Title":"Introduction to Finance and Accounting","Cr_Hrs":"1.5","Day_and_Time":"MTWRF 2:30PM-4:20PM"},{"Course_Code":"ACF 2101 LEC 2","Course_Title":"Introduction to Finance and Accounting","Cr_Hrs":"1.5","Day_and_Time":"MTWRF 4:45PM-6:35PM"},{"Course_Code":"ACF 5101 LEC 1","Course_Title":"Financial Management and Accounting","Cr_Hrs":"3","Day_and_Time":"MW 11:05AM-1:10PM"},{"Course_Code":"ACF 5101 LEC 1","Course_Title":"Financial Management and Accounting","Cr_Hrs":"3","Day_and_Time":"MW 11:05AM-1:10PM"},{"Course_Code":"ANTH 100 LEC 1","Course_Title":"Introduction to Cultural Anthropology","Cr_Hrs":"4","Day_and_Time":"TR 6:30PM-8:20PM"},{"Course_Code":"ANTH 100 LEC 2","Course_Title":"Introduction to Cultural Anthropology","Cr_Hrs":"4","Day_and_Time":"TR 12:00PM-1:50PM"},{"Course_Code":"ANTH 237 LEC 1","Course_Title":"Economic Anthropology: An Introduction","Cr_Hrs":"4","Day_and_Time":"TR 6:30PM-8:20PM"},{"Course_Code":"ANTH 242 LEC 1","Course_Title":"Anthropology of Law","Cr_Hrs":"4","Day_and_Time":"MW 10:00AM-11:50AM"},{"Course_Code":"ANTH 246 LEC 1","Course_Title":"Political Ecology","Cr_Hrs":"4","Day_and_Time":"MW 12:00PM-1:50PM"},{"Course_Code":"ANTH 276 LEC 1","Course_Title":"Anthropology of Social Media","Cr_Hrs":"4","Day_and_Time":"MW 4:30PM-6:20PM"},{"Course_Code":"ANTH 363 LEC 1","Course_Title":"Muslim Veiling: The Struggle for Identities in\nDiasporas","Cr_Hrs":"4","Day_and_Time":"MW 6:30PM-8:20PM"},{"Course_Code":"ANTH 464 LEC 1","Course_Title":"Children Of Abraham","Cr_Hrs":"4","Day_and_Time":"TR 1:30PM-3:20PM"},{"Course_Code":"REL 453 w/ ANTH 464","Course_Title":"Children Of Abraham","Cr_Hrs":"4","Day_and_Time":""},{"Course_Code":"BIO 216 LEC 1","Course_Title":"Molecular Biology","Cr_Hrs":"3","Day_and_Time":"TR 12:00PM-1:15PM"},{"Course_Code":"BIO 221 LEC 1","Course_Title":"Genetics","Cr_Hrs":"4","Day_and_Time":"TR 9:00AM-10:50AM"},{"Course_Code":"BIO 300 LAB 1","Course_Title":"Methods in Cell and Molecular Biology","Cr_Hrs":"4","Day_and_Time":"MWF 9:00AM-9:50AM"},{"Course_Code":"BIO 300 LAB 1a","Course_Title":"Methods in Cell and Molecular Biology","Cr_Hrs":"4","Day_and_Time":"MWF 10:00AM-12:50PM"},{"Course_Code":"BIO 500 w/ BIO 300","Course_Title":"Advanced Methods in Biology","Cr_Hrs":"4","Day_and_Time":""},{"Course_Code":"BIO 313 LEC 1","Course_Title":"Cell Biology","Cr_Hrs":"3","Day_and_Time":"TR 11:00AM-12:15PM"},{"Course_Code":"BIO 313 LEC 1","Course_Title":"Cell Biology","Cr_Hrs":"3","Day_and_Time":"TR 11:00AM-12:15PM"},{"Course_Code":"BIO 331 LEC 1","Course_Title":"Computational Biology II","Cr_Hrs":"3","Day_and_Time":"MW 3:00PM-4:15PM"},{"Course_Code":"BIO 331 LEC 1","Course_Title":"Computational Biology II","Cr_Hrs":"3","Day_and_Time":"MW 3:00PM-4:15PM"},{"Course_Code":"CS 330 w/ BIO 331","Course_Title":"Computational Biology II","Cr_Hrs":"3","Day_and_Time":""},{"Course_Code":"BIO 401 SEM 1","Course_Title":"Seminars in Biology","Cr_Hrs":"1","Day_and_Time":"R 11:00AM-11:50AM"},{"Course_Code":"BIO 403 LEC 1","Course_Title":"Critical thinking, Scientific Writing and Ethics","Cr_Hrs":"3","Day_and_Time":"MW 4:00PM-5:15PM"},{"Course_Code":"BIO 511 LEC 1","Course_Title":"Fundamentals of Molecular Techniques","Cr_Hrs":"3","Day_and_Time":"TR 9:30AM-10:45AM"},{"Course_Code":"BIO 513 LEC 1","Course_Title":"Biophysical Techniques","Cr_Hrs":"3","Day_and_Time":"MW 3:00PM-4:15PM"},{"Course_Code":"BIO 516 LEC 1","Course_Title":"Advanced Molecular & Cell Biology","Cr_Hrs":"3","Day_and_Time":"MW 1:30PM-2:45PM"},{"Course_Code":"BIO 517 LEC 1","Course_Title":"Molecular Mechanisms of Bacterial Pathagenesis","Cr_Hrs":"3","Day_and_Time":"TR 1:30PM-2:45PM"},{"Course_Code":"BIO 522 LEC 1","Course_Title":"Topics in Cancer Biology","Cr_Hrs":"3","Day_and_Time":"TR 4:30PM-5:45PM"},{"Course_Code":"BIO 531 LEC 1","Course_Title":"Computational Biology","Cr_Hrs":"3","Day_and_Time":"TR 3:00PM-4:15PM"},{"Course_Code":"BIO 5311 LEC 1","Course_Title":"Advanced Biostatistics","Cr_Hrs":"3","Day_and_Time":"TR 12:00PM-1:15PM"},{"Course_Code":"CHE 210 LEC 1","Course_Title":"Physical Chemistry","Cr_Hrs":"3","Day_and_Time":"TR 3:30PM-4:45PM"},{"Course_Code":"CHE 221 LEC 1","Course_Title":"Numerical Methods for Engineers","Cr_Hrs":"3","Day_and_Time":"MW 2:30PM-3:45PM"},{"Course_Code":"CHE 260 LEC 1","Course_Title":"Principles of Chemical Engineering","Cr_Hrs":"3","Day_and_Time":"TR 2:00PM-3:15PM"},{"Course_Code":"CHE 312 LEC 1","Course_Title":"Fundamentals of Environmental Engineering","Cr_Hrs":"3","Day_and_Time":"TR 3:30PM-4:45PM"},{"Course_Code":"CHE 320 LEC 1","Course_Title":"Separation Processes","Cr_Hrs":"3","Day_and_Time":"TR 11:00AM-12:15PM"},{"Course_Code":"CHE 330 LEC 1","Course_Title":"Math Methods in Chemical Engineering II","Cr_Hrs":"3","Day_and_Time":"MW 9:00AM-10:15AM"},{"Course_Code":"CHE 340 LEC 1","Course_Title":"Transport Phenomena I","Cr_Hrs":"3","Day_and_Time":"TR 9:30AM-10:45AM"},{"Course_Code":"CHE 400 LAB 1","Course_Title":"Chemical Engineering Lab â€“ III","Cr_Hrs":"2","Day_and_Time":"M 8:00AM-1:50PM"},{"Course_Code":"CHE 422 LEC 1","Course_Title":"Chemical Process Safety","Cr_Hrs":"3","Day_and_Time":"WF 5:00PM-6:15PM"},{"Course_Code":"CHE 430 LEC 1","Course_Title":"Chemical Process Control","Cr_Hrs":"3","Day_and_Time":"TR 12:30PM-1:45PM"},{"Course_Code":"CHE 440 LEC 1","Course_Title":"Chemical Process Design â€“ I","Cr_Hrs":"3","Day_and_Time":"M 3:30PM-4:20PM"},{"Course_Code":"CHEM 101 LEC 1","Course_Title":"Principles of Chemistry","Cr_Hrs":"3","Day_and_Time":"MW 4:00PM-5:15PM"},{"Course_Code":"CHEM 221 LEC 1","Course_Title":"Molecular Symmetry I","Cr_Hrs":"3","Day_and_Time":"TR 2:30PM-3:45PM"},{"Course_Code":"PHY 335 w/ CHEM 221","Course_Title":"Molecular Symmetry I","Cr_Hrs":"3","Day_and_Time":""},{"Course_Code":"CHEM 231 LEC 1","Course_Title":"Fundamentals of Organic Chemistry","Cr_Hrs":"3","Day_and_Time":"MW 5:00PM-6:15PM"},{"Course_Code":"CHEM 314 LEC 1","Course_Title":"Quantum Chemistry","Cr_Hrs":"3","Day_and_Time":"TR 12:30PM-1:45PM"},{"Course_Code":"CHEM 324 LEC 1","Course_Title":"Inorganic Chemistry I","Cr_Hrs":"3","Day_and_Time":"TR 10:00AM-11:15AM"},{"Course_Code":"CHEM 332 LEC 1","Course_Title":"Chemistry of the Organic Functional Groups","Cr_Hrs":"3","Day_and_Time":"WF 5:00PM-6:15PM"},{"Course_Code":"CHEM 342 LEC 1","Course_Title":"Analytical Chemistry I","Cr_Hrs":"3","Day_and_Time":"TR 8:00AM-9:15AM"},{"Course_Code":"CHEM 342 LEC 1","Course_Title":"Analytical Chemistry I","Cr_Hrs":"3","Day_and_Time":"TR 8:00AM-9:15AM"},{"Course_Code":"CHEM 542 w/ CHEM 342","Course_Title":"Experimental Methods of Analysis","Cr_Hrs":"3","Day_and_Time":""},{"Course_Code":"CHEM 410 LAB 1","Course_Title":"Physical Chemistry Lab","Cr_Hrs":"2","Day_and_Time":"W 11:30AM-5:20PM"},{"Course_Code":"CHEM 430 LAB 1","Course_Title":"Organic Chemistry Lab II","Cr_Hrs":"2","Day_and_Time":"F 8:00AM-1:50PM"},{"Course_Code":"CHEM 516 LEC 1","Course_Title":"Characterization Techniques for Materials","Cr_Hrs":"3","Day_and_Time":"MW 9:00AM-10:15AM"},{"Course_Code":"CHEM 521 LEC 1","Course_Title":"Advanced Inorganic Chemistry-I","Cr_Hrs":"3","Day_and_Time":"TR 12:30PM-1:45PM"},{"Course_Code":"CHEM 531 LEC 1","Course_Title":"Advanced Organic Chemistry-I","Cr_Hrs":"3","Day_and_Time":"MW 12:30PM-1:45PM"},{"Course_Code":"CHEM 532 LEC 1","Course_Title":"Chemistry of Biomolecule","Cr_Hrs":"3","Day_and_Time":"TR 2:00PM-3:15PM"},{"Course_Code":"CHEM 721 LEC 1","Course_Title":"Selected Topics in Inorganic Chemistry","Cr_Hrs":"3","Day_and_Time":"MW 10:30AM-11:45AM"},{"Course_Code":"CHEM 731 LEC 1","Course_Title":"Selected Topics in Organic Chemistry","Cr_Hrs":"3","Day_and_Time":"TR 10:00AM-11:15AM"},{"Course_Code":"CLCS 1000 LEC 1","Course_Title":"Engaging with Texts and Context: Stories of","Cr_Hrs":"4","Day_and_Time":"TR 4:30PM-6:20PM"},{"Course_Code":"Home and Displacement","Course_Title":"Hamid, Gwendolyn Sarah","Cr_Hrs":"","Day_and_Time":""},{"Course_Code":"Kirk, Maryam Wasif Khan,","Course_Title":"","Cr_Hrs":"","Day_and_Time":""},{"Course_Code":"Fatima Fayyaz, Bilal Tanweer,","Course_Title":"","Cr_Hrs":"","Day_and_Time":""},{"Course_Code":"Zahid Hussain","Course_Title":"","Cr_Hrs":"","Day_and_Time":""},{"Course_Code":"CLCS 1122 LEC 1","Course_Title":"The Art of Reading and Writing Urdu","Cr_Hrs":"4","Day_and_Time":"WF 2:00PM-3:50PM"},{"Course_Code":"CLCS 2112 SEM 1","Course_Title":"Intro to Modern World Poetry: Margins,\nCrossings, Translation","Cr_Hrs":"4","Day_and_Time":"MW 2:00PM-3:50PM"},{"Course_Code":"CLCS 2116 LEC 1","Course_Title":"Shahnameh: The Story of Our World","Cr_Hrs":"4","Day_and_Time":"TR 2:00PM-3:50PM"},{"Course_Code":"CLCS 2119 LEC 1","Course_Title":"Mechanics of Fiction","Cr_Hrs":"4","Day_and_Time":"WF 2:00PM-3:50PM"},{"Course_Code":"CLCS 2122 LEC 1","Course_Title":"Urdu Afsana: Manto, Bedi aur Ghulam Abbas kay\nAfsanon ka Khususi Muta'ala","Cr_Hrs":"4","Day_and_Time":"TR 6:30PM-8:20PM"},{"Course_Code":"CLCS 2214 LEC 1","Course_Title":"Mechanics of Film","Cr_Hrs":"4","Day_and_Time":"TR 2:00PM-3:50PM"},{"Course_Code":"CLCS 2413 LEC 1","Course_Title":"Culture After Empire","Cr_Hrs":"4","Day_and_Time":"WF 2:00PM-3:50PM"},{"Course_Code":"CLCS 2415 LEC 1","Course_Title":"Language, Culture and Society","Cr_Hrs":"4","Day_and_Time":"MW 4:30PM-6:20PM"},{"Course_Code":"ANTH 267 w/ CLCS 2415","Course_Title":"Language, Culture and Society","Cr_Hrs":"4","Day_and_Time":""},{"Course_Code":"CLCS 2514 LEC 1","Course_Title":"Qavvali","Cr_Hrs":"4","Day_and_Time":"WF 4:30PM-6:20PM"},{"Course_Code":"REL 234 w/ CLCS 2514","Course_Title":"Qavvali","Cr_Hrs":"4","Day_and_Time":""},{"Course_Code":"CLCS 3124 LEC 1","Course_Title":"Post-Colonial Thought in Urdu Literature","Cr_Hrs":"4","Day_and_Time":"WF 2:00PM-3:50PM"},{"Course_Code":"CS 100 LEC 1","Course_Title":"Computational Problem Solving","Cr_Hrs":"3","Day_and_Time":"TR 11:30AM-12:20PM"},{"Course_Code":"CS 100 LAB 1","Course_Title":"Computational Problem Solving","Cr_Hrs":"3","Day_and_Time":"W 11:00AM-1:50PM"},{"Course_Code":"CS 100 LEC 2","Course_Title":"Computational Problem Solving","Cr_Hrs":"3","Day_and_Time":"TR 11:30AM-12:20PM"},{"Course_Code":"CS 100 LAB 2","Course_Title":"Computational Problem Solving","Cr_Hrs":"3","Day_and_Time":"W 11:00AM-1:50PM"},{"Course_Code":"CS 100 LEC 3","Course_Title":"Computational Problem Solving","Cr_Hrs":"3","Day_and_Time":"WF 9:30AM-10:20AM"},{"Course_Code":"CS 100 LAB 3","Course_Title":"Computational Problem Solving","Cr_Hrs":"3","Day_and_Time":"M 11:00AM-1:50PM"},{"Course_Code":"CS 100 LEC 4","Course_Title":"Computational Problem Solving","Cr_Hrs":"3","Day_and_Time":"WF 9:30AM-10:20AM"},{"Course_Code":"CS 100 LAB 4","Course_Title":"Computational Problem Solving","Cr_Hrs":"3","Day_and_Time":"M 11:00AM-1:50PM"},{"Course_Code":"CS 200 LEC 1","Course_Title":"Introduction to Programming","Cr_Hrs":"4","Day_and_Time":"TR 6:30PM-7:45PM"},{"Course_Code":"CS 200 LAB 1","Course_Title":"Introduction to Programming","Cr_Hrs":"4","Day_and_Time":"F 2:30PM-5:20PM"},{"Course_Code":"CS 200 LEC 2","Course_Title":"Introduction to Programming","Cr_Hrs":"4","Day_and_Time":"WF 8:00AM-9:15AM"},{"Course_Code":"CS 200 LAB 2","Course_Title":"Introduction to Programming","Cr_Hrs":"4","Day_and_Time":"R 8:00AM-10:50AM"},{"Course_Code":"EE 201 w/ CS 200","Course_Title":"Introduction to Programming","Cr_Hrs":"4","Day_and_Time":""},{"Course_Code":"CS 202 LEC 1","Course_Title":"Data Structures","Cr_Hrs":"3","Day_and_Time":"MW 3:30PM-4:45PM"},{"Course_Code":"EE 202 w/ CS 202","Course_Title":"Data Structures","Cr_Hrs":"3","Day_and_Time":""},{"Course_Code":"CS 210 LEC 1","Course_Title":"Discrete Mathematics","Cr_Hrs":"4","Day_and_Time":"TR 4:00PM-5:50PM"},{"Course_Code":"CS 210 LEC 2","Course_Title":"Discrete Mathematics","Cr_Hrs":"4","Day_and_Time":"MW 6:30PM-8:20PM"},{"Course_Code":"MATH 252 w/ CS 210","Course_Title":"Discrete Mathematics","Cr_Hrs":"4","Day_and_Time":""},{"Course_Code":"CS 225 LEC 1","Course_Title":"Fundamentals of Computer Systems","Cr_Hrs":"4","Day_and_Time":"MW 12:00PM-1:50PM"},{"Course_Code":"CS 225 LEC 2","Course_Title":"Fundamentals of Computer Systems","Cr_Hrs":"4","Day_and_Time":"MW 10:00AM-11:50AM"},{"Course_Code":"CS 310 LEC 1","Course_Title":"Algorithms","Cr_Hrs":"3","Day_and_Time":"MW 9:30AM-10:45AM"},{"Course_Code":"CS 334 LEC 1","Course_Title":"Principles and Techniques of Data Science","Cr_Hrs":"3","Day_and_Time":"WF 3:00PM-4:15PM"},{"Course_Code":"EE 402 w/ CS 334","Course_Title":"Principles and Techniques of Data Science","Cr_Hrs":"3","Day_and_Time":""},{"Course_Code":"CS 340 LEC 1","Course_Title":"Databases","Cr_Hrs":"3","Day_and_Time":"MW 6:30PM-7:45PM"},{"Course_Code":"CS 340 LEC 2","Course_Title":"Databases","Cr_Hrs":"3","Day_and_Time":"MW 8:00PM-9:15PM"},{"Course_Code":"CS 370 LEC 1","Course_Title":"Operating Systems","Cr_Hrs":"3","Day_and_Time":"MW 12:30PM-1:45PM"},{"Course_Code":"CS 436 LEC 1","Course_Title":"Computer Vision Fundamentals","Cr_Hrs":"3","Day_and_Time":"TR 11:00AM-12:15PM"},{"Course_Code":"CS 5310 w/ CS 436","Course_Title":"Computer Vision Fundamentals","Cr_Hrs":"3","Day_and_Time":""},{"Course_Code":"EE 513 w/ CS 436","Course_Title":"Computer Vision Fundamentals","Cr_Hrs":"3","Day_and_Time":""},{"Course_Code":"CS 452 LEC 1","Course_Title":"Computer Graphics","Cr_Hrs":"3","Day_and_Time":"TR 3:30PM-4:45PM"},{"Course_Code":"CS 466 LEC 1","Course_Title":"Human Computer Interaction","Cr_Hrs":"3","Day_and_Time":"TR 2:00PM-3:15PM"},{"Course_Code":"CS 5613 w/ CS 466","Course_Title":"Human Computer Interaction Design","Cr_Hrs":"3","Day_and_Time":""},{"Course_Code":"CS 501 LEC 1","Course_Title":"Applied Probability","Cr_Hrs":"3","Day_and_Time":"WF 8:00AM-9:15AM"},{"Course_Code":"EE 515 w/ CS 501","Course_Title":"Applied Probability","Cr_Hrs":"3","Day_and_Time":""},{"Course_Code":"MATH 439 w/ CS 501","Course_Title":"Applied Probability","Cr_Hrs":"3","Day_and_Time":""},{"Course_Code":"CS 510 LEC 1","Course_Title":"Design and Analysis of Algorithms","Cr_Hrs":"3","Day_and_Time":"MW 3:30PM-4:45PM"},{"Course_Code":"CS 535 LEC 1","Course_Title":"Machine Learning","Cr_Hrs":"3","Day_and_Time":"TR 9:30AM-10:45AM"},{"Course_Code":"EE 514 w/ CS 535","Course_Title":"Machine Learning","Cr_Hrs":"3","Day_and_Time":""},{"Course_Code":"CS 582 LEC 1","Course_Title":"Distributed Systems","Cr_Hrs":"3","Day_and_Time":"MW 12:30PM-1:45PM"},{"Course_Code":"CS 636 LEC 1","Course_Title":"Topics in Data Mining Research","Cr_Hrs":"3","Day_and_Time":"TR 4:00PM-5:15PM"},{"Course_Code":"CS 6712 LEC 1","Course_Title":"Internet Measurements","Cr_Hrs":"3","Day_and_Time":"WF 9:30AM-10:45AM"},{"Course_Code":"CS 682 LEC 1","Course_Title":"Topics in Computer and Network Security","Cr_Hrs":"3","Day_and_Time":"TR 12:30PM-1:45PM"},{"Course_Code":"CS 682 LEC 1","Course_Title":"Topics in Computer and Network Security","Cr_Hrs":"3","Day_and_Time":"TR 12:30PM-1:45PM"},{"Course_Code":"DISC 203 LEC 1","Course_Title":"Probability and Statistics","Cr_Hrs":"3","Day_and_Time":"MW 9:30AM-10:45AM"},{"Course_Code":"DISC 203 LEC 2","Course_Title":"Probability and Statistics","Cr_Hrs":"3","Day_and_Time":"MW 11:00AM-12:15PM"},{"Course_Code":"DISC 203 LEC 3","Course_Title":"Probability and Statistics","Cr_Hrs":"3","Day_and_Time":"WF 9:30AM-10:45AM"},{"Course_Code":"DISC 203 LEC 4","Course_Title":"Probability and Statistics","Cr_Hrs":"3","Day_and_Time":"WF 2:00PM-3:15PM"},{"Course_Code":"DISC 212 LEC 1","Course_Title":"Introduction to Management Science","Cr_Hrs":"3","Day_and_Time":"MW 2:00PM-3:15PM"},{"Course_Code":"DISC 212 LEC 2","Course_Title":"Introduction to Management Science","Cr_Hrs":"3","Day_and_Time":"MW 11:00AM-12:15PM"},{"Course_Code":"DISC 212 LEC 3","Course_Title":"Introduction to Management Science","Cr_Hrs":"3","Day_and_Time":"MW 3:30PM-4:45PM"},{"Course_Code":"DISC 212 LEC 4","Course_Title":"Introduction to Management Science","Cr_Hrs":"3","Day_and_Time":"MW 5:00PM-6:15PM"},{"Course_Code":"DISC 231 LEC 1","Course_Title":"Operations Management","Cr_Hrs":"3","Day_and_Time":"TR 2:00PM-3:15PM"},{"Course_Code":"DISC 320 LEC 1","Course_Title":"Qualitative & Quantitative Methods in Business","Cr_Hrs":"3","Day_and_Time":"MW 12:30PM-1:45PM"},{"Course_Code":"DISC 320 LEC 2","Course_Title":"Qualitative & Quantitative Methods in Business","Cr_Hrs":"3","Day_and_Time":"TR 11:00AM-12:15PM"},{"Course_Code":"DISC 321 LEC 1","Course_Title":"Decision Analysis","Cr_Hrs":"4","Day_and_Time":"TR 12:30PM-2:20PM"},{"Course_Code":"DISC 321 LEC 2","Course_Title":"Decision Analysis","Cr_Hrs":"4","Day_and_Time":"TR 4:00PM-5:50PM"},{"Course_Code":"DISC 322 LEC 1","Course_Title":"Optimization Methods in Management Science","Cr_Hrs":"3","Day_and_Time":"MW 11:00AM-12:15PM"},{"Course_Code":"DISC 323 LEC 1","Course_Title":"Decision Behaviour","Cr_Hrs":"3","Day_and_Time":"MW 3:30PM-4:45PM"},{"Course_Code":"DISC 325 LEC 1","Course_Title":"Business Data Management","Cr_Hrs":"3","Day_and_Time":"TR 9:30AM-10:45AM"},{"Course_Code":"DISC 326 LEC 1","Course_Title":"Data Science for Decision Making","Cr_Hrs":"3","Day_and_Time":"TR 12:30PM-1:45PM"},{"Course_Code":"DISC 326 LEC 2","Course_Title":"Data Science for Decision Making","Cr_Hrs":"3","Day_and_Time":"TR 2:30PM-3:45PM"},{"Course_Code":"DISC 331 LEC 1","Course_Title":"Project Management","Cr_Hrs":"3","Day_and_Time":"MW 5:00PM-6:15PM"},{"Course_Code":"DISC 333 LEC 1","Course_Title":"Supply Chain & Logistics Management","Cr_Hrs":"3","Day_and_Time":"MW 9:30AM-10:45AM"},{"Course_Code":"DISC 333 LEC 2","Course_Title":"Supply Chain & Logistics Management","Cr_Hrs":"3","Day_and_Time":"MW 2:00PM-3:15PM"},{"Course_Code":"DISC 420 LEC 1","Course_Title":"Business Analytics","Cr_Hrs":"3","Day_and_Time":"MW 12:30PM-1:45PM"},{"Course_Code":"DISC 7005 LEC 1","Course_Title":"Applied Statistics","Cr_Hrs":"3","Day_and_Time":"F 3:00PM-6:00PM"},{"Course_Code":"DISC 8301 LEC 1","Course_Title":"Seminar in Operations & Supply Chain Strategy","Cr_Hrs":"3","Day_and_Time":"R 1:00PM-4:00PM"},{"Course_Code":"ECON 100 LEC 1","Course_Title":"Principles of Economics","Cr_Hrs":"4","Day_and_Time":"TR 4:00PM-5:50PM"},{"Course_Code":"ECON 100 LEC 2","Course_Title":"Principles of Economics","Cr_Hrs":"4","Day_and_Time":"MW 10:30AM-12:20PM"},{"Course_Code":"ECON 111 LEC 1","Course_Title":"Principles of Microeconomics","Cr_Hrs":"4","Day_and_Time":"TR 5:00PM-6:15PM"},{"Course_Code":"ECON 111 RAC 1","Course_Title":"Principles of Microeconomics","Cr_Hrs":"4","Day_and_Time":"T 3:00PM-3:50PM"},{"Course_Code":"ECON 111 RAC 2","Course_Title":"Principles of Microeconomics","Cr_Hrs":"4","Day_and_Time":"M 8:00AM-8:50AM"},{"Course_Code":"ECON 111 RAC 3","Course_Title":"Principles of Microeconomics","Cr_Hrs":"4","Day_and_Time":"M 10:00AM-10:50AM"},{"Course_Code":"ECON 111 LEC 2","Course_Title":"Principles of Microeconomics","Cr_Hrs":"4","Day_and_Time":"MW 8:00AM-9:15AM"},{"Course_Code":"ECON 111 RAC 4","Course_Title":"Principles of Microeconomics","Cr_Hrs":"4","Day_and_Time":"M 11:00AM-11:50AM"},{"Course_Code":"ECON 111 RAC 5","Course_Title":"Principles of Microeconomics","Cr_Hrs":"4","Day_and_Time":"M 12:00PM-12:50PM"},{"Course_Code":"ECON 111 RAC 6","Course_Title":"Principles of Microeconomics","Cr_Hrs":"4","Day_and_Time":"M 10:00AM-10:50AM"},{"Course_Code":"ECON 111 LEC 3","Course_Title":"Principles of Microeconomics","Cr_Hrs":"4","Day_and_Time":"TR 12:00PM-1:15PM"},{"Course_Code":"ECON 111 RAC 7","Course_Title":"Principles of Microeconomics","Cr_Hrs":"4","Day_and_Time":"W 2:00PM-2:50PM"},{"Course_Code":"ECON 111 RAC 8","Course_Title":"Principles of Microeconomics","Cr_Hrs":"4","Day_and_Time":"W 12:00PM-12:50PM"},{"Course_Code":"ECON 111 RAC 9","Course_Title":"Principles of Microeconomics","Cr_Hrs":"4","Day_and_Time":"W 11:00AM-11:50AM"},{"Course_Code":"ECON 121 LEC 1","Course_Title":"Principles of Macroeconomics","Cr_Hrs":"4","Day_and_Time":"TR 12:30PM-1:45PM"},{"Course_Code":"ECON 121 RAC 1","Course_Title":"Principles of Macroeconomics","Cr_Hrs":"4","Day_and_Time":"M 9:00AM-9:50AM"},{"Course_Code":"ECON 121 RAC 2","Course_Title":"Principles of Macroeconomics","Cr_Hrs":"4","Day_and_Time":"T 4:00PM-4:50PM"},{"Course_Code":"ECON 121 RAC 3","Course_Title":"Principles of Macroeconomics","Cr_Hrs":"4","Day_and_Time":"M 11:00AM-11:50AM"},{"Course_Code":"ECON 121 LEC 2","Course_Title":"Principles of Macroeconomics","Cr_Hrs":"4","Day_and_Time":"TR 3:00PM-4:15PM"},{"Course_Code":"ECON 121 RAC 4","Course_Title":"Principles of Macroeconomics","Cr_Hrs":"4","Day_and_Time":"W 3:00PM-3:50PM"},{"Course_Code":"ECON 121 RAC 5","Course_Title":"Principles of Macroeconomics","Cr_Hrs":"4","Day_and_Time":"W 2:00PM-2:50PM"},{"Course_Code":"ECON 121 RAC 6","Course_Title":"Principles of Macroeconomics","Cr_Hrs":"4","Day_and_Time":"R 2:00PM-2:50PM"},{"Course_Code":"ECON 121 LEC 3","Course_Title":"Principles of Macroeconomics","Cr_Hrs":"4","Day_and_Time":"MW 6:30PM-7:45PM"},{"Course_Code":"ECON 121 RAC 7","Course_Title":"Principles of Macroeconomics","Cr_Hrs":"4","Day_and_Time":"F 8:00AM-8:50AM"},{"Course_Code":"ECON 121 RAC 8","Course_Title":"Principles of Macroeconomics","Cr_Hrs":"4","Day_and_Time":"M 8:00AM-8:50AM"},{"Course_Code":"ECON 121 RAC 9","Course_Title":"Principles of Macroeconomics","Cr_Hrs":"4","Day_and_Time":"F 10:00AM-10:50AM"},{"Course_Code":"ECON 202 LEC 1","Course_Title":"Readings in Economics","Cr_Hrs":"4","Day_and_Time":"MW 11:00AM-12:50PM"},{"Course_Code":"ECON 211 LEC 1","Course_Title":"Intermediate Microeconomics","Cr_Hrs":"4","Day_and_Time":"MW 10:00AM-11:50AM"},{"Course_Code":"ECON 211 LEC 2","Course_Title":"Intermediate Microeconomics","Cr_Hrs":"4","Day_and_Time":"MW 8:00AM-9:50AM"},{"Course_Code":"ECON 221 LEC 1","Course_Title":"Intermediate Macroeconomics","Cr_Hrs":"4","Day_and_Time":"TR 10:00AM-11:50AM"},{"Course_Code":"ECON 221 LEC 1","Course_Title":"Intermediate Macroeconomics","Cr_Hrs":"4","Day_and_Time":"TR 10:00AM-11:50AM"},{"Course_Code":"ECON 221 LEC 2","Course_Title":"Intermediate Macroeconomics","Cr_Hrs":"4","Day_and_Time":"MW 6:30PM-8:20PM"},{"Course_Code":"ECON 230 LEC 1","Course_Title":"Statistics and Data Analysis","Cr_Hrs":"4","Day_and_Time":"TR 1:30PM-3:00PM"},{"Course_Code":"ECON 230 LEC 1","Course_Title":"Statistics and Data Analysis","Cr_Hrs":"4","Day_and_Time":"TR 1:30PM-3:00PM"},{"Course_Code":"ECON 230 LAB 1","Course_Title":"Statistics and Data Analysis","Cr_Hrs":"4","Day_and_Time":"M 9:00AM-9:50AM"},{"Course_Code":"ECON 230 LAB 2","Course_Title":"Statistics and Data Analysis","Cr_Hrs":"4","Day_and_Time":"M 11:00AM-11:50AM"},{"Course_Code":"ECON 230 LEC 2","Course_Title":"Statistics and Data Analysis","Cr_Hrs":"4","Day_and_Time":"TR 11:30AM-1:00PM"},{"Course_Code":"ECON 230 LEC 2","Course_Title":"Statistics and Data Analysis","Cr_Hrs":"4","Day_and_Time":"TR 11:30AM-1:00PM"},{"Course_Code":"ECON 230 LAB 3","Course_Title":"Statistics and Data Analysis","Cr_Hrs":"4","Day_and_Time":"R 10:00AM-10:50AM"},{"Course_Code":"ECON 230 LAB 4","Course_Title":"Statistics and Data Analysis","Cr_Hrs":"4","Day_and_Time":"M 10:00AM-10:50AM"},{"Course_Code":"ECON 230 LEC 3","Course_Title":"Statistics and Data Analysis","Cr_Hrs":"4","Day_and_Time":"TR 8:00AM-9:30AM"},{"Course_Code":"ECON 230 LAB 5","Course_Title":"Statistics and Data Analysis","Cr_Hrs":"4","Day_and_Time":"M 5:00PM-5:50PM"},{"Course_Code":"ECON 230 LAB 6","Course_Title":"Statistics and Data Analysis","Cr_Hrs":"4","Day_and_Time":"M 3:00PM-3:50PM"},{"Course_Code":"ECON 233 LEC 1","Course_Title":"Introduction to Game Theory","Cr_Hrs":"4","Day_and_Time":"TR 4:00PM-5:50PM"},{"Course_Code":"ECON 233 LEC 2","Course_Title":"Introduction to Game Theory","Cr_Hrs":"4","Day_and_Time":"TR 12:00PM-1:50PM"},{"Course_Code":"MATH 232 w/ ECON 233","Course_Title":"Introduction to Game Theory","Cr_Hrs":"4","Day_and_Time":""},{"Course_Code":"ECON 240 LEC 1","Course_Title":"Development Economics","Cr_Hrs":"4","Day_and_Time":"TR 10:30AM-12:20PM"},{"Course_Code":"ECON 247 LEC 1","Course_Title":"Sectors and Policy in Development","Cr_Hrs":"4","Day_and_Time":"WF 9:30AM-11:20AM"},{"Course_Code":"ECON 262 LEC 1","Course_Title":"Mathematical Applications in Economics","Cr_Hrs":"4","Day_and_Time":"TR 2:00PM-3:50PM"},{"Course_Code":"ECON 262 LEC 2","Course_Title":"Mathematical Applications in Economics","Cr_Hrs":"4","Day_and_Time":"TR 4:00PM-5:50PM"},{"Course_Code":"ECON 3110 LEC 1","Course_Title":"Economics of Organizations and Management","Cr_Hrs":"4","Day_and_Time":"TR 12:00PM-1:50PM"},{"Course_Code":"ECON 3113 LEC 1","Course_Title":"Labor Economics","Cr_Hrs":"4","Day_and_Time":"TR 8:00AM-9:50AM"},{"Course_Code":"ECON 314 LEC 1","Course_Title":"Law and Economics","Cr_Hrs":"4","Day_and_Time":"TR 2:00PM-3:50PM"},{"Course_Code":"ECON 330 LEC 1","Course_Title":"Econometrics","Cr_Hrs":"4","Day_and_Time":"TR 10:00AM-11:30AM"},{"Course_Code":"ECON 330 LEC 1","Course_Title":"Econometrics","Cr_Hrs":"4","Day_and_Time":"TR 10:00AM-11:30AM"},{"Course_Code":"ECON 330 LAB 1","Course_Title":"Econometrics","Cr_Hrs":"4","Day_and_Time":"T 8:00AM-8:50AM"},{"Course_Code":"ECON 330 LAB 2","Course_Title":"Econometrics","Cr_Hrs":"4","Day_and_Time":"W 8:00AM-8:50AM"},{"Course_Code":"ECON 330 LEC 2","Course_Title":"Econometrics","Cr_Hrs":"4","Day_and_Time":"MW 10:00AM-11:30AM"},{"Course_Code":"ECON 330 LEC 2","Course_Title":"Econometrics","Cr_Hrs":"4","Day_and_Time":"MW 10:00AM-11:30AM"},{"Course_Code":"ECON 330 LAB 3","Course_Title":"Econometrics","Cr_Hrs":"4","Day_and_Time":"R 8:00AM-8:50AM"},{"Course_Code":"ECON 330 LAB 4","Course_Title":"Econometrics","Cr_Hrs":"4","Day_and_Time":"F 8:00AM-8:50AM"},{"Course_Code":"ECON 425 LEC 1","Course_Title":"Applied Macroeconomics","Cr_Hrs":"4","Day_and_Time":"TR 4:00PM-5:50PM"},{"Course_Code":"ECON 4410 LEC 1","Course_Title":"Issues in Economic Policy","Cr_Hrs":"4","Day_and_Time":"MW 9:00AM-10:50AM"},{"Course_Code":"ECON 4410 LEC 1","Course_Title":"Issues in Economic Policy","Cr_Hrs":"4","Day_and_Time":"MW 9:00AM-10:50AM"},{"Course_Code":"ECON 4416 LEC 1","Course_Title":"Advanced Urban Economics","Cr_Hrs":"4","Day_and_Time":"MW 12:00PM-1:50PM"},{"Course_Code":"ECON 444 LEC 1","Course_Title":"Institutional Economics","Cr_Hrs":"4","Day_and_Time":"MW 4:00PM-5:50PM"},{"Course_Code":"ECON 449 LEC 1","Course_Title":"Philosophy and Economics","Cr_Hrs":"4","Day_and_Time":"MW 2:00PM-3:50PM"},{"Course_Code":"ECON 454 LEC 1","Course_Title":"Trade and Development","Cr_Hrs":"4","Day_and_Time":"TR 10:00AM-11:50AM"},{"Course_Code":"ECON 511 LEC 1","Course_Title":"Microeconomic Analysis","Cr_Hrs":"4","Day_and_Time":"MW 9:00AM-10:50AM"},{"Course_Code":"ECON 531 LEC 1","Course_Title":"Econometrics and Research Methodology I","Cr_Hrs":"4","Day_and_Time":"TR 10:00AM-11:50AM"},{"Course_Code":"ECON 536 LEC 1","Course_Title":"Topics in Mathematical Method for Economists","Cr_Hrs":"4","Day_and_Time":"TR 1:30PM-3:20PM"},{"Course_Code":"EDU 210 LEC 1","Course_Title":"Critical Debates in Education","Cr_Hrs":"3","Day_and_Time":"MW 3:00PM-4:15PM"},{"Course_Code":"EDU 210 LEC 1","Course_Title":"Critical Debates in Education","Cr_Hrs":"3","Day_and_Time":"MW 3:00PM-4:15PM"},{"Course_Code":"EDU 214 LEC 1","Course_Title":"Introduction to the Arts in Education in South\nAsia","Cr_Hrs":"3","Day_and_Time":"TR 11:00AM-12:15PM"},{"Course_Code":"EDU 272 LEC 1","Course_Title":"Education, Schools and Violence","Cr_Hrs":"3","Day_and_Time":"TR 4:00PM-5:15PM"},{"Course_Code":"EDU 274 LEC 1","Course_Title":"Gender Media and Education","Cr_Hrs":"3","Day_and_Time":"MW 9:00AM-10:15AM"},{"Course_Code":"EDU 317 LEC 1","Course_Title":"Civic Engagement and Global Citizenship\nEducation","Cr_Hrs":"3","Day_and_Time":"TR 11:00AM-12:15PM"},{"Course_Code":"EDU 3212 LEC 1","Course_Title":"Transforming Teaching and Learning through\nStudent-Faculty Partnership","Cr_Hrs":"3","Day_and_Time":"MW 5:00PM-6:15PM"},{"Course_Code":"EDU 3213 LEC 1","Course_Title":"Education for All","Cr_Hrs":"3","Day_and_Time":"MW 2:00PM-3:15PM"},{"Course_Code":"EDU 328 LEC 1","Course_Title":"Educational Technology and the Learning\nSciences","Cr_Hrs":"3","Day_and_Time":"TR 9:00AM-10:15AM"},{"Course_Code":"EDU 343 LEC 1","Course_Title":"Educational Leadership beyond Schools","Cr_Hrs":"3","Day_and_Time":"MW 11:00AM-12:15PM"},{"Course_Code":"EDU 357 LEC 1","Course_Title":"Planning for Education Development","Cr_Hrs":"3","Day_and_Time":"TR 9:00AM-10:15AM"},{"Course_Code":"EDU 363 LEC 1","Course_Title":"Could Education be Bad for Society?","Cr_Hrs":"3","Day_and_Time":"R 1:00PM-3:50PM"},{"Course_Code":"EDU 453 LEC 1","Course_Title":"Politics of Education Reform","Cr_Hrs":"3","Day_and_Time":"TR 11:00AM-12:15PM"},{"Course_Code":"EDU 510 LEC 1","Course_Title":"Interdisciplinary Theoretical Perspectives on\nEducation","Cr_Hrs":"3","Day_and_Time":"TR 2:00PM-3:15PM"},{"Course_Code":"EDU 540 LEC 1","Course_Title":"Leadership: The Politics of Change","Cr_Hrs":"3","Day_and_Time":"MW 2:00PM-3:15PM"},{"Course_Code":"EDU 560 LEC 1","Course_Title":"Research Methods","Cr_Hrs":"3","Day_and_Time":"MW 9:00AM-10:15AM"},{"Course_Code":"EDU 590 FLD 1","Course_Title":"Observing Schools","Cr_Hrs":"1","Day_and_Time":"F 8:00AM-1:50PM"},{"Course_Code":"EDU 614 LEC 1","Course_Title":"Reconceptualizing Curriculum with the Arts","Cr_Hrs":"3","Day_and_Time":"T 3:30PM-6:20PM"},{"Course_Code":"EDU 622 LEC 1","Course_Title":"Educatorsâ€TM Seminar Series: Special Topics in\nTeaching and Learning","Cr_Hrs":"3","Day_and_Time":"F 2:00PM-4:50PM"},{"Course_Code":"EDU 623 LEC 1","Course_Title":"Effective Teaching and Learning in Higher\nEducation","Cr_Hrs":"3","Day_and_Time":"MW 11:00AM-12:15PM"},{"Course_Code":"EDU 690 LEC 1","Course_Title":"Practicum Proseminar","Cr_Hrs":"3","Day_and_Time":"R 10:30AM-1:20PM"},{"Course_Code":"EDU 690 LEC 2","Course_Title":"Practicum Proseminar","Cr_Hrs":"3","Day_and_Time":"R 10:30AM-1:20PM"},{"Course_Code":"EDU 690 LEC 3","Course_Title":"Practicum Proseminar","Cr_Hrs":"3","Day_and_Time":"R 10:30AM-1:20PM"},{"Course_Code":"EDU 693 LEC 1","Course_Title":"Academic Writing","Cr_Hrs":"1","Day_and_Time":"T 9:00AM-9:50AM"},{"Course_Code":"EDU 693 LEC 2","Course_Title":"Academic Writing","Cr_Hrs":"1","Day_and_Time":"T 10:00AM-10:50AM"},{"Course_Code":"EE 100 LAB 1","Course_Title":"Engineering Laboratory","Cr_Hrs":"1","Day_and_Time":"R 3:00PM-5:50PM"},{"Course_Code":"EE 100 LAB 2","Course_Title":"Engineering Laboratory","Cr_Hrs":"1","Day_and_Time":"F 2:30PM-5:20PM"},{"Course_Code":"EE 100 LAB 3","Course_Title":"Engineering Laboratory","Cr_Hrs":"1","Day_and_Time":"W 8:00AM-10:50AM"},{"Course_Code":"EE 100 LAB 4","Course_Title":"Engineering Laboratory","Cr_Hrs":"1","Day_and_Time":"T 3:00PM-5:50PM"},{"Course_Code":"EE 203 LEC 1","Course_Title":"Engineering Models","Cr_Hrs":"3","Day_and_Time":"MW 2:00PM-3:15PM"},{"Course_Code":"EE 212 LEC 1","Course_Title":"Mathematical Foundations for Machine Learning\nand Data Science","Cr_Hrs":"3","Day_and_Time":"MW 12:30PM-1:45PM"},{"Course_Code":"EE 240 LEC 1","Course_Title":"Circuits 1","Cr_Hrs":"3","Day_and_Time":"TR 11:00AM-12:15PM"},{"Course_Code":"EE 324 LEC 1","Course_Title":"Microcontroller and Interfacing","Cr_Hrs":"2","Day_and_Time":"MW 4:00PM-4:50PM"},{"Course_Code":"EE 324L LAB 1","Course_Title":"Microcontroller and Interfacing Lab","Cr_Hrs":"1","Day_and_Time":"T 11:00AM-1:50PM"},{"Course_Code":"EE 324L LAB 2","Course_Title":"Microcontroller and Interfacing Lab","Cr_Hrs":"1","Day_and_Time":"R 11:00AM-1:50PM"},{"Course_Code":"EE 330 LEC 1","Course_Title":"Electromagnetic Fields & Waves","Cr_Hrs":"3","Day_and_Time":"MW 5:00PM-6:15PM"},{"Course_Code":"PHY 305 w/ EE 330","Course_Title":"Electromagnetic Fields & Waves","Cr_Hrs":"3","Day_and_Time":""},{"Course_Code":"EE 340 LEC 1","Course_Title":"Devices & Electronics","Cr_Hrs":"3","Day_and_Time":"TR 9:30AM-10:45AM"},{"Course_Code":"EE 340 LEC 2","Course_Title":"Devices & Electronics","Cr_Hrs":"3","Day_and_Time":"WF 2:30PM-3:45PM"},{"Course_Code":"EE 340L LAB 1","Course_Title":"Devices and Electronics Lab","Cr_Hrs":"1","Day_and_Time":"M 1:00PM-3:50PM"},{"Course_Code":"EE 340L LAB 2","Course_Title":"Devices and Electronics Lab","Cr_Hrs":"1","Day_and_Time":"T 3:00PM-5:50PM"},{"Course_Code":"EE 380 LEC 1","Course_Title":"Communication Systems","Cr_Hrs":"3","Day_and_Time":"MW 11:00AM-12:15PM"},{"Course_Code":"EE 380L LAB 1","Course_Title":"Communication Systems Lab","Cr_Hrs":"1","Day_and_Time":"R 8:00AM-10:50AM"},{"Course_Code":"EE 380L LAB 2","Course_Title":"Communication Systems Lab","Cr_Hrs":"1","Day_and_Time":"F 9:30AM-12:20PM"},{"Course_Code":"EE 414 LEC 1","Course_Title":"Deep Learning","Cr_Hrs":"3","Day_and_Time":"TR 8:00AM-9:15AM"},{"Course_Code":"CS 437 w/ EE 414","Course_Title":"Deep Learning","Cr_Hrs":"3","Day_and_Time":""},{"Course_Code":"CS 5317 w/ EE 414","Course_Title":"Deep Learning","Cr_Hrs":"3","Day_and_Time":""},{"Course_Code":"EE 517 w/ EE 414","Course_Title":"Deep Learning","Cr_Hrs":"3","Day_and_Time":""},{"Course_Code":"EE 421 LEC 1","Course_Title":"Digital System Design","Cr_Hrs":"3","Day_and_Time":"TR 11:00AM-12:15PM"},{"Course_Code":"EE 421L LAB 1","Course_Title":"Digital System Design Lab","Cr_Hrs":"1","Day_and_Time":"T 3:00PM-5:50PM"},{"Course_Code":"EE 421L LAB 2","Course_Title":"Digital System Design Lab","Cr_Hrs":"1","Day_and_Time":"M 3:00PM-5:50PM"},{"Course_Code":"EE 452 LEC 1","Course_Title":"Power Electronics","Cr_Hrs":"3","Day_and_Time":"MW 9:30AM-10:45AM"},{"Course_Code":"EE 552 w/ EE 452","Course_Title":"Power Electronics","Cr_Hrs":"3","Day_and_Time":""},{"Course_Code":"EE 452L LAB 1","Course_Title":"Power Electronics Lab","Cr_Hrs":"1","Day_and_Time":"M 2:30PM-5:20PM"},{"Course_Code":"EE 452L LAB 2","Course_Title":"Power Electronics Lab","Cr_Hrs":"1","Day_and_Time":"W 11:30AM-2:20PM"},{"Course_Code":"EE 552L w/ EE 452L","Course_Title":"Power Electronics Lab","Cr_Hrs":"1","Day_and_Time":""},{"Course_Code":"EE 453 LEC 1","Course_Title":"Power Systems Protection and Stability","Cr_Hrs":"3","Day_and_Time":"TR 12:30PM-1:45PM"},{"Course_Code":"EE 453L LAB 1","Course_Title":"Power Systems Protection and Stability","Cr_Hrs":"1","Day_and_Time":"F 10:00AM-12:50PM"},{"Course_Code":"EE 453L LAB 2","Course_Title":"Power Systems Protection and Stability","Cr_Hrs":"1","Day_and_Time":"M 11:00AM-1:50PM"},{"Course_Code":"EE 471 LEC 1","Course_Title":"Computer Networks:Principles & Practices","Cr_Hrs":"3","Day_and_Time":"TR 6:30PM-7:45PM"},{"Course_Code":"EE 471 LEC 1","Course_Title":"Computer Networks:Principles & Practices","Cr_Hrs":"3","Day_and_Time":"TR 6:30PM-7:45PM"},{"Course_Code":"CS 471 w/ EE 471","Course_Title":"Computer Networks:Principles & Practices","Cr_Hrs":"3","Day_and_Time":""},{"Course_Code":"CS 573 w/ EE 471","Course_Title":"Computer Networks:Principles & Practices","Cr_Hrs":"3","Day_and_Time":""},{"Course_Code":"EE 512 LEC 1","Course_Title":"Digital Image Processing","Cr_Hrs":"3","Day_and_Time":"TR 11:00AM-12:15PM"},{"Course_Code":"CS 653 w/ EE 512","Course_Title":"Digital Image Processing","Cr_Hrs":"3","Day_and_Time":""},{"Course_Code":"EE 520 LEC 1","Course_Title":"Computer Architecture","Cr_Hrs":"3","Day_and_Time":"TR 9:30AM-10:45AM"},{"Course_Code":"CS 622 w/ EE 520","Course_Title":"Computer Architecture","Cr_Hrs":"3","Day_and_Time":""},{"Course_Code":"EE 527 LEC 1","Course_Title":"Mixed Signal Design","Cr_Hrs":"3","Day_and_Time":"MW 11:00AM-12:15PM"},{"Course_Code":"EE 528 LEC 1","Course_Title":"Semiconductor Devices Fundamentals","Cr_Hrs":"3","Day_and_Time":"TR 8:00PM-9:15PM"},{"Course_Code":"PHY 537 w/ EE 528","Course_Title":"Semiconductor Devices Fundamentals","Cr_Hrs":"3","Day_and_Time":""},{"Course_Code":"EE 529 LEC 1","Course_Title":"Custom IC Design","Cr_Hrs":"3","Day_and_Time":"WF 3:00PM-4:15PM"},{"Course_Code":"EE 554 LEC 1","Course_Title":"Electrical Drives","Cr_Hrs":"3","Day_and_Time":"MW 8:00AM-9:15AM"},{"Course_Code":"EE 555 LEC 1","Course_Title":"Renewable Energy Systems","Cr_Hrs":"3","Day_and_Time":"TR 5:00PM-6:15PM"},{"Course_Code":"EE 556 LEC 1","Course_Title":"Power System Planning","Cr_Hrs":"3","Day_and_Time":"TR 2:00PM-3:15PM"},{"Course_Code":"EE 558 LEC 1","Course_Title":"Battery Energy Storage Systems","Cr_Hrs":"3","Day_and_Time":"WF 3:00PM-4:15PM"},{"Course_Code":"EE 558 LEC 1","Course_Title":"Battery Energy Storage Systems","Cr_Hrs":"3","Day_and_Time":"WF 3:00PM-4:15PM"},{"Course_Code":"EE 562 LEC 1","Course_Title":"Robot Motion Planning","Cr_Hrs":"3","Day_and_Time":"TR 12:30PM-1:45PM"},{"Course_Code":"EE 562 LEC 1","Course_Title":"Robot Motion Planning","Cr_Hrs":"3","Day_and_Time":"TR 12:30PM-1:45PM"},{"Course_Code":"CS 5610 w/ EE 562","Course_Title":"Robot Motion Planning","Cr_Hrs":"3","Day_and_Time":""},{"Course_Code":"EE 564 LEC 1","Course_Title":"Stochastic Systems","Cr_Hrs":"3","Day_and_Time":"WF 4:30PM-5:45PM"},{"Course_Code":"EE 569 LEC 1","Course_Title":"Dynamic Programming & Reinforcement\nLearning","Cr_Hrs":"3","Day_and_Time":"MW 9:30AM-10:45AM"},{"Course_Code":"CS 6314 w/ EE 569","Course_Title":"Dynamic Programming & Reinforcement\nLearning","Cr_Hrs":"3","Day_and_Time":""},{"Course_Code":"EE 573 LEC 1","Course_Title":"Image and Video Coding","Cr_Hrs":"3","Day_and_Time":"MW 12:30PM-1:45PM"},{"Course_Code":"CS 652 w/ EE 573","Course_Title":"Image and Video Coding","Cr_Hrs":"3","Day_and_Time":""},{"Course_Code":"EE 576 LEC 1","Course_Title":"Smart Grid: Technology and Applications","Cr_Hrs":"3","Day_and_Time":"TR 3:30PM-4:45PM"},{"Course_Code":"EMBA 5013 LEC 1","Course_Title":"Understanding Financial Accounting: Making\nMore Authoritative Decisions","Cr_Hrs":"1","Day_and_Time":"SU 9:05AM-10:35AM"},{"Course_Code":"EMBA 5013 LEC 1","Course_Title":"Understanding Financial Accounting: Making\nMore Authoritative Decisions","Cr_Hrs":"1","Day_and_Time":"MTWRF 9:05AM-10:35AM"},{"Course_Code":"EMBA 5013 LEC 2","Course_Title":"Understanding Financial Accounting: Making\nMore Authoritative Decisions","Cr_Hrs":"1","Day_and_Time":"SU 11:30AM-1:00PM"},{"Course_Code":"EMBA 5013 LEC 2","Course_Title":"Understanding Financial Accounting: Making\nMore Authoritative Decisions","Cr_Hrs":"1","Day_and_Time":"MTWRF 11:30AM-1:00PM"},{"Course_Code":"EMBA 5022 LEC 1","Course_Title":"Corporate Finance","Cr_Hrs":"1","Day_and_Time":"SU 11:30AM-1:00PM"},{"Course_Code":"EMBA 5022 LEC 2","Course_Title":"Corporate Finance","Cr_Hrs":"1","Day_and_Time":"SU 2:35PM-4:05PM"},{"Course_Code":"EMBA 5041 LEC 1","Course_Title":"Marketing Management","Cr_Hrs":"1","Day_and_Time":"SU 2:35PM-4:05PM"},{"Course_Code":"EMBA 5041 LEC 1","Course_Title":"Marketing Management","Cr_Hrs":"1","Day_and_Time":"MTWRF 2:35PM-4:05PM"},{"Course_Code":"EMBA 5041 LEC 2","Course_Title":"Marketing Management","Cr_Hrs":"1","Day_and_Time":"SU 9:05AM-10:35AM"},{"Course_Code":"EMBA 5041 LEC 2","Course_Title":"Marketing Management","Cr_Hrs":"1","Day_and_Time":"MTWRF 9:05AM-10:35AM"},{"Course_Code":"EMBA 5063 LEC 1","Course_Title":"Problem Solving and Decision Making","Cr_Hrs":"1","Day_and_Time":"SU 11:30AM-1:00PM"},{"Course_Code":"EMBA 5063 LEC 1","Course_Title":"Problem Solving and Decision Making","Cr_Hrs":"1","Day_and_Time":"MTWRF 11:30AM-1:00PM"},{"Course_Code":"EMBA 5063 LEC 2","Course_Title":"Problem Solving and Decision Making","Cr_Hrs":"1","Day_and_Time":"SU 2:35PM-4:05PM"},{"Course_Code":"EMBA 5063 LEC 2","Course_Title":"Problem Solving and Decision Making","Cr_Hrs":"1","Day_and_Time":"MTWRF 2:35PM-4:05PM"},{"Course_Code":"EMBA 5211 LEC 1","Course_Title":"Business Law and Corporate Governance","Cr_Hrs":"1","Day_and_Time":"SU 9:05AM-10:35AM"},{"Course_Code":"EMBA 5211 LEC 2","Course_Title":"Business Law and Corporate Governance","Cr_Hrs":"1","Day_and_Time":"SU 11:30AM-1:00PM"},{"Course_Code":"EMBA 6071 LEC 1","Course_Title":"Venture Creation","Cr_Hrs":"1","Day_and_Time":"SU 2:35PM-4:05PM"},{"Course_Code":"EMBA 6071 LEC 1","Course_Title":"Venture Creation","Cr_Hrs":"1","Day_and_Time":"SU 2:35PM-4:05PM"},{"Course_Code":"EMBA 6071 LEC 1","Course_Title":"Venture Creation","Cr_Hrs":"1","Day_and_Time":"SU 2:35PM-4:05PM"},{"Course_Code":"EMBA 6071 LEC 2","Course_Title":"Venture Creation","Cr_Hrs":"1","Day_and_Time":"SU 9:05AM-10:35AM"},{"Course_Code":"ENGL 1000 LEC 1","Course_Title":"Introduction to Literature in English","Cr_Hrs":"4","Day_and_Time":"MW 10:00AM-11:50AM"},{"Course_Code":"ENGL 1161 LEC 1","Course_Title":"Introduction to Poetry","Cr_Hrs":"4","Day_and_Time":"TR 2:30PM-4:20PM"},{"Course_Code":"ENGL 2131 LEC 1","Course_Title":"Modern Drama","Cr_Hrs":"4","Day_and_Time":"MW 12:00PM-1:50PM"},{"Course_Code":"ENGL 2191 LEC 1","Course_Title":"Academic Writing and Editing","Cr_Hrs":"4","Day_and_Time":"TR 10:00AM-11:50AM"},{"Course_Code":"SS 2334 w/ ENGL 2191","Course_Title":"Academic Writing and Editing","Cr_Hrs":"4","Day_and_Time":""},{"Course_Code":"ENGL 2253 LEC 1","Course_Title":"Age of Modernism: Early 20th Century American\nFiction","Cr_Hrs":"4","Day_and_Time":"MW 10:00AM-11:50AM"},{"Course_Code":"ENGL 2421 LEC 1","Course_Title":"Creative Nonfiction I","Cr_Hrs":"4","Day_and_Time":"TR 4:30PM-6:20PM"},{"Course_Code":"ENGL 3172 LEC 1","Course_Title":"'The Empire Writes Backâ€TM: Diaspora Fiction in\nEurope","Cr_Hrs":"4","Day_and_Time":"TR 2:00PM-3:50PM"},{"Course_Code":"GSS 362 w/ ENGL 3172","Course_Title":"'The Empire Writes Backâ€TM: Diaspora Fiction in\nEurope","Cr_Hrs":"4","Day_and_Time":""},{"Course_Code":"ENGL 3211 LEC 1","Course_Title":"â€ ̃Ring Shoutâ€TM: The Slave Narrative and Its\nLegacy","Cr_Hrs":"4","Day_and_Time":"TR 10:00AM-11:50AM"},{"Course_Code":"ENGL 3912 LEC 1","Course_Title":"Magical Realism","Cr_Hrs":"4","Day_and_Time":"MW 3:00PM-4:50PM"},{"Course_Code":"ENGL 4572 LEC 1","Course_Title":"Colonial Discourse and Postcolonial Theory","Cr_Hrs":"4","Day_and_Time":"TR 12:00PM-1:50PM"},{"Course_Code":"FINN 100 LEC 1","Course_Title":"Principles of Finance","Cr_Hrs":"3","Day_and_Time":"TR 12:30PM-1:45PM"},{"Course_Code":"FINN 100 LEC 2","Course_Title":"Principles of Finance","Cr_Hrs":"3","Day_and_Time":"MW 12:30PM-1:45PM"},{"Course_Code":"FINN 200 LEC 1","Course_Title":"Intermediate Finance","Cr_Hrs":"3","Day_and_Time":"TR 12:30PM-1:45PM"},{"Course_Code":"FINN 200 LEC 2","Course_Title":"Intermediate Finance","Cr_Hrs":"3","Day_and_Time":"MW 12:30PM-1:45PM"},{"Course_Code":"FINN 222 LEC 1","Course_Title":"Introduction to Mathematics of Finance","Cr_Hrs":"3","Day_and_Time":"TR 2:00PM-3:15PM"},{"Course_Code":"FINN 243 LEC 1","Course_Title":"Fintech Revolution: Market Disruption and\nEmerging Opportunities","Cr_Hrs":"3","Day_and_Time":"TR 6:30PM-7:45PM"},{"Course_Code":"FINN 321 LEC 1","Course_Title":"Econometrics","Cr_Hrs":"3","Day_and_Time":"TR 8:00AM-9:15AM"},{"Course_Code":"FINN 353 LEC 1","Course_Title":"Investments","Cr_Hrs":"3","Day_and_Time":"TR 11:00AM-12:15PM"},{"Course_Code":"FINN 372 LEC 1","Course_Title":"Actuarial Sciences and Insurance","Cr_Hrs":"3","Day_and_Time":"MW 12:30PM-1:45PM"},{"Course_Code":"FINN 400 LEC 1","Course_Title":"Applied Corporate Finance","Cr_Hrs":"3","Day_and_Time":"MW 11:00AM-12:15PM"},{"Course_Code":"FINN 441 LEC 1","Course_Title":"Islamic Banking and Finance","Cr_Hrs":"3","Day_and_Time":"TR 5:00PM-6:15PM"},{"Course_Code":"FINN 453 LEC 1","Course_Title":"Financial Derivatives","Cr_Hrs":"3","Day_and_Time":"TR 12:30PM-1:45PM"},{"Course_Code":"FINN 454 LEC 1","Course_Title":"Portfolio Management","Cr_Hrs":"3","Day_and_Time":"MW 5:00PM-6:15PM"},{"Course_Code":"FMG 5101 LEC 1","Course_Title":"Financial Statement Analysis & Value Creation","Cr_Hrs":"3","Day_and_Time":"MW 11:05AM-1:10PM"},{"Course_Code":"GSS 302 LEC 1","Course_Title":"Feminist Theory","Cr_Hrs":"4","Day_and_Time":"WF 4:00PM-5:50PM"},{"Course_Code":"HIST 124 LEC 1","Course_Title":"The World Since 1453","Cr_Hrs":"4","Day_and_Time":"WF 2:00PM-3:50PM"},{"Course_Code":"HIST 218 LEC 1","Course_Title":"Nineteenth Century French Art: Neoclassicism to\nImpressionism","Cr_Hrs":"4","Day_and_Time":"TR 12:00PM-1:50PM"},{"Course_Code":"HIST 2223 LEC 1","Course_Title":"Rethinking the age of Revolutions","Cr_Hrs":"4","Day_and_Time":"TR 8:00AM-9:50AM"},{"Course_Code":"HIST 2311 LEC 1","Course_Title":"Nature, Power & Modernity","Cr_Hrs":"4","Day_and_Time":"TR 10:00AM-11:50AM"},{"Course_Code":"HIST 2324 LEC 1","Course_Title":"Conceptual Understanding of Borders and\nBorderlands Studies","Cr_Hrs":"4","Day_and_Time":"MW 10:00AM-11:50AM"},{"Course_Code":"SOC 239 w/ HIST 2324","Course_Title":"Conceptual Understanding of Borders and\nBorderlands Studies","Cr_Hrs":"4","Day_and_Time":""},{"Course_Code":"HIST 3218 LEC 1","Course_Title":"Understanding Communal Violence in South Asia","Cr_Hrs":"4","Day_and_Time":"TR 10:00AM-11:50AM"},{"Course_Code":"HIST 342 LEC 1","Course_Title":"Historical Inequality and Development","Cr_Hrs":"4","Day_and_Time":"MW 8:00AM-9:50AM"},{"Course_Code":"HIST 437 LEC 1","Course_Title":"Subaltern Studies: On History and Historiography","Cr_Hrs":"4","Day_and_Time":"TR 4:00PM-5:50PM"},{"Course_Code":"LANG 123 LEC 1","Course_Title":"Introduction to Punjabi","Cr_Hrs":"4","Day_and_Time":"TR 1:00PM-2:50PM"},{"Course_Code":"LANG 124 LEC 1","Course_Title":"Arabic I","Cr_Hrs":"4","Day_and_Time":"WF 4:30PM-6:20PM"},{"Course_Code":"LANG 127 LEC 1","Course_Title":"Persian-I","Cr_Hrs":"4","Day_and_Time":"MW 4:00PM-5:50PM"},{"Course_Code":"LANG 128 LEC 1","Course_Title":"Sindhi for Non Sindhi Speakers","Cr_Hrs":"4","Day_and_Time":"TR 3:00PM-4:50PM"},{"Course_Code":"LANG 129 LEC 1","Course_Title":"Pashto I","Cr_Hrs":"4","Day_and_Time":"TR 4:00PM-5:50PM"},{"Course_Code":"LANG 2212 LEC 1","Course_Title":"Pashto II","Cr_Hrs":"4","Day_and_Time":"TR 11:00AM-12:50PM"},{"Course_Code":"LANG 229 LEC 1","Course_Title":"Sindhi Reading and Writing","Cr_Hrs":"4","Day_and_Time":"MW 3:30PM-5:20PM"},{"Course_Code":"LAW 102 LEC 1","Course_Title":"Introduction to Pakistan Legal System","Cr_Hrs":"3","Day_and_Time":"TR 10:00AM-11:15AM"},{"Course_Code":"LAW 102 LEC 2","Course_Title":"Introduction to Pakistan Legal System","Cr_Hrs":"3","Day_and_Time":"TR 10:00AM-11:15AM"},{"Course_Code":"LAW 102 LEC 3","Course_Title":"Introduction to Pakistan Legal System","Cr_Hrs":"3","Day_and_Time":"TR 4:30PM-5:45PM"},{"Course_Code":"LAW 102 LEC 4","Course_Title":"Introduction to Pakistan Legal System","Cr_Hrs":"3","Day_and_Time":"TR 6:30PM-7:45PM"},{"Course_Code":"LAW 220 LEC 1","Course_Title":"Contracts","Cr_Hrs":"4","Day_and_Time":"MW 12:00PM-1:50PM"},{"Course_Code":"LAW 222 LEC 1","Course_Title":"Torts","Cr_Hrs":"4","Day_and_Time":"MW 10:00AM-11:50AM"},{"Course_Code":"LAW 224 LEC 1","Course_Title":"Property Law","Cr_Hrs":"4","Day_and_Time":"TR 3:00PM-4:50PM"},{"Course_Code":"LAW 224 LEC 2","Course_Title":"Property Law","Cr_Hrs":"4","Day_and_Time":"WF 4:00PM-5:50PM"},{"Course_Code":"LAW 240 LEC 1","Course_Title":"Criminal Law","Cr_Hrs":"4","Day_and_Time":"TR 9:00AM-10:50AM"},{"Course_Code":"LAW 280 LEC 1","Course_Title":"Legal Practice I:Legal Writing and Research\nMethods","Cr_Hrs":"4","Day_and_Time":"TR 2:00PM-3:50PM"},{"Course_Code":"LAW 280 LEC 2","Course_Title":"Legal Practice I:Legal Writing and Research\nMethods","Cr_Hrs":"4","Day_and_Time":"MW 4:30PM-6:20PM"},{"Course_Code":"LAW 302 LEC 1","Course_Title":"Introduction to Chinese Law","Cr_Hrs":"3","Day_and_Time":"TR 12:30PM-1:45PM"},{"Course_Code":"LAW 305 LEC 1","Course_Title":"Introduction to Chinese Business Law","Cr_Hrs":"4","Day_and_Time":"MW 3:00PM-4:50PM"},{"Course_Code":"LAW 320 LEC 1","Course_Title":"Equity, Specific Relief & Trusts","Cr_Hrs":"4","Day_and_Time":"TR 4:30PM-6:20PM"},{"Course_Code":"LAW 320 LEC 2","Course_Title":"Equity, Specific Relief & Trusts","Cr_Hrs":"4","Day_and_Time":"TR 10:00AM-11:50AM"},{"Course_Code":"LAW 3214 LEC 1","Course_Title":"Law of Commerce and Finance","Cr_Hrs":"4","Day_and_Time":"MW 3:00PM-4:50PM"},{"Course_Code":"LAW 3215 LEC 1","Course_Title":"Startup Law","Cr_Hrs":"4","Day_and_Time":"MW 10:00AM-11:50AM"},{"Course_Code":"LAW 3611 LEC 1","Course_Title":"Family Law","Cr_Hrs":"4","Day_and_Time":"TR 12:00PM-1:50PM"},{"Course_Code":"LAW 3611 LEC 2","Course_Title":"Family Law","Cr_Hrs":"4","Day_and_Time":"MW 2:00PM-3:50PM"},{"Course_Code":"LAW 3912 LEC 1","Course_Title":"Climate Change and Environment Policy","Cr_Hrs":"4","Day_and_Time":"WF 3:00PM-4:50PM"},{"Course_Code":"LAW 425 LEC 1","Course_Title":"Privacy and Digital Transformation","Cr_Hrs":"4","Day_and_Time":"TR 6:30PM-8:20PM"},{"Course_Code":"LAW 4312 LEC 1","Course_Title":"Expression Confined","Cr_Hrs":"4","Day_and_Time":"TR 12:00PM-1:50PM"},{"Course_Code":"LAW 4313 LEC 1","Course_Title":"Public Private Partnerships","Cr_Hrs":"4","Day_and_Time":"WF 8:00AM-9:50AM"},{"Course_Code":"LAW 4514 LEC 1","Course_Title":"Children in Domestic Labour","Cr_Hrs":"4","Day_and_Time":"MW 8:00AM-9:50AM"},{"Course_Code":"LAW 470 LEC 1","Course_Title":"Evidence","Cr_Hrs":"4","Day_and_Time":"TR 4:00PM-5:50PM"},{"Course_Code":"LAW 470 LEC 2","Course_Title":"Evidence","Cr_Hrs":"4","Day_and_Time":"MW 10:00AM-11:50AM"},{"Course_Code":"LAW 471 LEC 1","Course_Title":"Civil Procedure","Cr_Hrs":"4","Day_and_Time":"TR 4:30PM-6:20PM"},{"Course_Code":"LAW 471 LEC 2","Course_Title":"Civil Procedure","Cr_Hrs":"4","Day_and_Time":"TR 3:00PM-4:50PM"},{"Course_Code":"LAW 481A LEC 1","Course_Title":"Legal Practice II:Drafting Legal Instruments,\nPractitioners' Skills and Professional Ethics","Cr_Hrs":"2","Day_and_Time":"M 4:30PM-6:20PM"},{"Course_Code":"LAW 481A LEC 2","Course_Title":"Legal Practice II:Drafting Legal Instruments,\nPractitioners' Skills and Professional Ethics","Cr_Hrs":"2","Day_and_Time":"F 4:00PM-5:50PM"},{"Course_Code":"LAW 481A LEC 3","Course_Title":"Legal Practice II:Drafting Legal Instruments,\nPractitioners' Skills and Professional Ethics","Cr_Hrs":"2","Day_and_Time":"F 9:30AM-11:20AM"},{"Course_Code":"LAW 4917 LEC 1","Course_Title":"International Dispute Resolution","Cr_Hrs":"4","Day_and_Time":"TR 6:30PM-8:20PM"},{"Course_Code":"MATH 100 LEC 1","Course_Title":"Pre-calculus","Cr_Hrs":"3","Day_and_Time":"TR 8:00PM-9:15PM"},{"Course_Code":"MATH 100 LEC 2","Course_Title":"Pre-calculus","Cr_Hrs":"3","Day_and_Time":"TR 8:00PM-9:15PM"},{"Course_Code":"MATH 100 LEC 3","Course_Title":"Pre-calculus","Cr_Hrs":"3","Day_and_Time":"MW 5:00PM-6:15PM"},{"Course_Code":"MATH 101 LEC 1","Course_Title":"Calculus-I","Cr_Hrs":"3","Day_and_Time":"TR 8:00AM-9:15AM"},{"Course_Code":"MATH 101 LEC 2","Course_Title":"Calculus-I","Cr_Hrs":"3","Day_and_Time":"TR 11:00AM-12:15PM"},{"Course_Code":"MATH 101 LEC 3","Course_Title":"Calculus-I","Cr_Hrs":"3","Day_and_Time":"MW 12:30PM-1:45PM"},{"Course_Code":"MATH 101 LEC 4","Course_Title":"Calculus-I","Cr_Hrs":"3","Day_and_Time":"WF 8:00AM-9:15AM"},{"Course_Code":"MATH 102 LEC 1","Course_Title":"Calculus-II","Cr_Hrs":"3","Day_and_Time":"TR 12:30PM-1:45PM"},{"Course_Code":"MATH 102 LEC 2","Course_Title":"Calculus-II","Cr_Hrs":"3","Day_and_Time":"WF 10:00AM-11:15AM"},{"Course_Code":"MATH 120 LEC 1","Course_Title":"Linear Algebra with Differential Equations","Cr_Hrs":"3","Day_and_Time":"TR 2:30PM-3:45PM"},{"Course_Code":"MATH 120 LEC 2","Course_Title":"Linear Algebra with Differential Equations","Cr_Hrs":"3","Day_and_Time":"MW 2:30PM-3:45PM"},{"Course_Code":"MATH 120 LEC 3","Course_Title":"Linear Algebra with Differential Equations","Cr_Hrs":"3","Day_and_Time":"TR 10:00AM-11:15AM"},{"Course_Code":"MATH 204 LEC 1","Course_Title":"Introduction to Formal Mathematics","Cr_Hrs":"4","Day_and_Time":"MW 10:00AM-11:50AM"},{"Course_Code":"MATH 210 LEC 1","Course_Title":"Introduction to Differential Equations","Cr_Hrs":"3","Day_and_Time":"TR 8:00AM-9:15AM"},{"Course_Code":"MATH 222 LEC 1","Course_Title":"Linear Algebra II","Cr_Hrs":"3","Day_and_Time":"MW 12:30PM-1:45PM"},{"Course_Code":"MATH 230 LEC 1","Course_Title":"Probability","Cr_Hrs":"3","Day_and_Time":"MW 8:00AM-9:15AM"},{"Course_Code":"MATH 231 LEC 1","Course_Title":"Statistics","Cr_Hrs":"4","Day_and_Time":"MW 4:00PM-5:50PM"},{"Course_Code":"MATH 300 LEC 1","Course_Title":"Complex Variables","Cr_Hrs":"4","Day_and_Time":"TR 12:00PM-1:50PM"},{"Course_Code":"MATH 309 LEC 1","Course_Title":"Introduction to Analysis II","Cr_Hrs":"3","Day_and_Time":"MW 2:00PM-3:15PM"},{"Course_Code":"MATH 320 LEC 1","Course_Title":"Algebra I","Cr_Hrs":"4","Day_and_Time":"MW 10:00AM-11:50AM"},{"Course_Code":"MATH 341 LEC 1","Course_Title":"Operations Research-I","Cr_Hrs":"4","Day_and_Time":"MW 8:00AM-9:50AM"},{"Course_Code":"MATH 547 w/ MATH 341","Course_Title":"Operational Research-I","Cr_Hrs":"4","Day_and_Time":""},{"Course_Code":"MATH 401 LEC 1","Course_Title":"Functional Analysis","Cr_Hrs":"3","Day_and_Time":"TR 2:00PM-3:15PM"},{"Course_Code":"MATH 505 w/ MATH 401","Course_Title":"Advanced Functional Analysis","Cr_Hrs":"3","Day_and_Time":""},{"Course_Code":"MATH 404 LEC 1","Course_Title":"Real Analysis","Cr_Hrs":"3","Day_and_Time":"MW 4:30PM-5:45PM"},{"Course_Code":"MATH 501 w/ MATH 404","Course_Title":"Mathematical Analysis","Cr_Hrs":"3","Day_and_Time":""},{"Course_Code":"MATH 409 LEC 1","Course_Title":"Introduction to Calculus of Variations","Cr_Hrs":"3","Day_and_Time":"WF 3:00PM-4:15PM"},{"Course_Code":"MATH 5010 w/ MATH 409","Course_Title":"Calculus of Variations","Cr_Hrs":"3","Day_and_Time":""},{"Course_Code":"MATH 4112 LEC 1","Course_Title":"Methods of Applied Mathematics","Cr_Hrs":"3","Day_and_Time":"MW 10:00AM-11:15AM"},{"Course_Code":"MATH 516 w/ MATH 4112","Course_Title":"Methods of Applied Mathematics","Cr_Hrs":"3","Day_and_Time":""},{"Course_Code":"MATH 412 LEC 1","Course_Title":"Partial Differential Equations","Cr_Hrs":"3","Day_and_Time":"TR 4:30PM-5:45PM"},{"Course_Code":"MATH 513 w/ MATH 412","Course_Title":"Advanced Partial Differential Equations","Cr_Hrs":"3","Day_and_Time":""},{"Course_Code":"MATH 4418 LEC 1","Course_Title":"Numerical Linear Algebra","Cr_Hrs":"4","Day_and_Time":"TR 10:00AM-11:50AM"},{"Course_Code":"MATH 543 w/ MATH 4418","Course_Title":"Advanced Numerical Linear Algebra","Cr_Hrs":"4","Day_and_Time":""},{"Course_Code":"MBA 5041 LEC 1","Course_Title":"Marketing Management","Cr_Hrs":"1","Day_and_Time":"MW 2:35PM-4:40PM"},{"Course_Code":"MBA 5041 LEC 2","Course_Title":"Marketing Management","Cr_Hrs":"1","Day_and_Time":"TR 8:30AM-10:35AM"},{"Course_Code":"MBA 5051 LEC 1","Course_Title":"Organizational Behaviour","Cr_Hrs":"1","Day_and_Time":"TR 2:35PM-4:40PM"},{"Course_Code":"MBA 5051 LEC 2","Course_Title":"Organizational Behaviour","Cr_Hrs":"1","Day_and_Time":"TR 11:05AM-1:10PM"},{"Course_Code":"MBA 5091 LEC 1","Course_Title":"Managerial Communication","Cr_Hrs":"1","Day_and_Time":"TR 2:35PM-4:40PM"},{"Course_Code":"MBA 5091 LEC 2","Course_Title":"Managerial Communication","Cr_Hrs":"1","Day_and_Time":"TR 8:30AM-10:35AM"},{"Course_Code":"MBA 5201A LEC 1","Course_Title":"Financial Accounting-I","Cr_Hrs":"0.5","Day_and_Time":"TR 8:30AM-10:35AM"},{"Course_Code":"MBA 5201A LEC 2","Course_Title":"Financial Accounting-I","Cr_Hrs":"0.5","Day_and_Time":"MW 8:30AM-10:35AM"},{"Course_Code":"MBA 5201B LEC 1","Course_Title":"Financial Accounting-II","Cr_Hrs":"0.5","Day_and_Time":"TR 2:35PM-4:40PM"},{"Course_Code":"MBA 5201B LEC 2","Course_Title":"Financial Accounting-II","Cr_Hrs":"0.5","Day_and_Time":"MW 2:35PM-4:40PM"},{"Course_Code":"MBA 5301 LEC 1","Course_Title":"Finance Fundamentals","Cr_Hrs":"0.5","Day_and_Time":"TR 2:35PM-4:40PM"},{"Course_Code":"MBA 5301 LEC 2","Course_Title":"Finance Fundamentals","Cr_Hrs":"0.5","Day_and_Time":"MW 2:35PM-4:40PM"},{"Course_Code":"MBA 5701 LEC 1","Course_Title":"Statistical Analysis for Management","Cr_Hrs":"0.5","Day_and_Time":"MW 11:05AM-1:10PM"},{"Course_Code":"MBA 5701 LEC 2","Course_Title":"Statistical Analysis for Management","Cr_Hrs":"0.5","Day_and_Time":"MW 8:30AM-10:35AM"},{"Course_Code":"MBA 5901 LEC 1","Course_Title":"Experiential Learning I","Cr_Hrs":"1","Day_and_Time":"TR 2:35PM-4:40PM"},{"Course_Code":"MBA 5901 LEC 2","Course_Title":"Experiential Learning I","Cr_Hrs":"1","Day_and_Time":"MW 2:35PM-4:40PM"},{"Course_Code":"MBA 6025 LEC 1","Course_Title":"Investments","Cr_Hrs":"0.5","Day_and_Time":"MW 12:30PM-2:00PM"},{"Course_Code":"MBA 6032 LEC 1","Course_Title":"Supply Chain Management","Cr_Hrs":"0.5","Day_and_Time":"TR 10:30AM-12:00PM"},{"Course_Code":"MBA 6032 LEC 2","Course_Title":"Supply Chain Management","Cr_Hrs":"0.5","Day_and_Time":"MW 8:30AM-10:00AM"},{"Course_Code":"MBA 6039 LEC 1","Course_Title":"Digital Marketing","Cr_Hrs":"0.5","Day_and_Time":"TR 8:30AM-10:00AM"},{"Course_Code":"MBA 6039 LEC 2","Course_Title":"Digital Marketing","Cr_Hrs":"0.5","Day_and_Time":"TR 3:00PM-4:30PM"},{"Course_Code":"MBA 6040 LEC 1","Course_Title":"Retail Management","Cr_Hrs":"0.5","Day_and_Time":"TR 12:30PM-2:00PM"},{"Course_Code":"MBA 6041A LEC 1","Course_Title":"Consumer Analytics","Cr_Hrs":"0.5","Day_and_Time":"MW 3:00PM-4:30PM"},{"Course_Code":"MBA 6043A LEC 1","Course_Title":"Channel Management","Cr_Hrs":"0.5","Day_and_Time":"TR 3:00PM-4:30PM"},{"Course_Code":"MBA 6043A LEC 2","Course_Title":"Channel Management","Cr_Hrs":"0.5","Day_and_Time":"MW 8:30AM-10:00AM"},{"Course_Code":"MBA 6045 LEC 1","Course_Title":"Brand Management","Cr_Hrs":"0.5","Day_and_Time":"TR 3:00PM-4:30PM"},{"Course_Code":"MBA 6045 LEC 2","Course_Title":"Brand Management","Cr_Hrs":"0.5","Day_and_Time":"MW 12:30PM-2:00PM"},{"Course_Code":"MBA 6046 LEC 1","Course_Title":"Business to Business","Cr_Hrs":"0.5","Day_and_Time":"MW 12:30PM-2:00PM"},{"Course_Code":"MBA 6048 LEC 1","Course_Title":"Sales Force Management","Cr_Hrs":"0.5","Day_and_Time":"TR 3:00PM-4:30PM"},{"Course_Code":"MBA 6048 LEC 2","Course_Title":"Sales Force Management","Cr_Hrs":"0.5","Day_and_Time":"TR 12:30PM-2:00PM"},{"Course_Code":"MBA 6052 LEC 1","Course_Title":"Human Resource Management","Cr_Hrs":"0.5","Day_and_Time":"MW 12:30PM-2:00PM"},{"Course_Code":"MBA 6060 LEC 1","Course_Title":"Managing Workplace Diversity","Cr_Hrs":"0.5","Day_and_Time":"TR 12:30PM-2:00PM"},{"Course_Code":"MBA 6061 LEC 1","Course_Title":"Understanding and Managing Self-Identity in\nContemporary Organizations","Cr_Hrs":"0.5","Day_and_Time":"TR 3:00PM-4:30PM"},{"Course_Code":"MBA 6061 LEC 2","Course_Title":"Understanding and Managing Self-Identity in\nContemporary Organizations","Cr_Hrs":"0.5","Day_and_Time":"TR 12:30PM-2:00PM"},{"Course_Code":"MBA 6064 LEC 1","Course_Title":"Negotiation Skills","Cr_Hrs":"0.5","Day_and_Time":"MW 3:00PM-4:30PM"},{"Course_Code":"MBA 6165 LEC 1","Course_Title":"Business Development and Economy","Cr_Hrs":"0.5","Day_and_Time":"TR 10:30AM-12:00PM"},{"Course_Code":"MBA 6183 LEC 1","Course_Title":"Managing in the Information Age","Cr_Hrs":"0.5","Day_and_Time":"TR 8:30AM-10:00AM"},{"Course_Code":"MBA 6213 LEC 1","Course_Title":"Corporate Governance","Cr_Hrs":"0.5","Day_and_Time":"MW 8:30AM-10:00AM"},{"Course_Code":"MBA 6301 LEC 1","Course_Title":"Strategy and Management in Developing\nEconomies","Cr_Hrs":"0.5","Day_and_Time":"TR 12:30PM-2:00PM"},{"Course_Code":"MBA 6311 LEC 1","Course_Title":"Financial Institutions","Cr_Hrs":"0.5","Day_and_Time":"MW 10:30AM-12:00PM"},{"Course_Code":"MBA 6316 LEC 1","Course_Title":"Financial Markets","Cr_Hrs":"0.5","Day_and_Time":"TR 10:30AM-12:00PM"},{"Course_Code":"MBA 6324A LEC 1","Course_Title":"Strategic Mangement of Non-profit Enterprises","Cr_Hrs":"0.5","Day_and_Time":"TR 3:00PM-4:30PM"},{"Course_Code":"MBA 6510 LEC 1","Course_Title":"The Business of Entertainment","Cr_Hrs":"0.5","Day_and_Time":"MW 12:30PM-2:00PM"},{"Course_Code":"MECO 111 LEC 1","Course_Title":"Principles of Microeconomics","Cr_Hrs":"3","Day_and_Time":"TR 3:30PM-4:45PM"},{"Course_Code":"MECO 111 LEC 2","Course_Title":"Principles of Microeconomics","Cr_Hrs":"3","Day_and_Time":"TR 11:00AM-12:15PM"},{"Course_Code":"MECO 111 LEC 3","Course_Title":"Principles of Microeconomics","Cr_Hrs":"3","Day_and_Time":"TR 5:00PM-6:15PM"},{"Course_Code":"MECO 111 LEC 4","Course_Title":"Principles of Microeconomics","Cr_Hrs":"3","Day_and_Time":"MW 8:00AM-9:15AM"},{"Course_Code":"MECO 111 LEC 5","Course_Title":"Principles of Microeconomics","Cr_Hrs":"3","Day_and_Time":"TR 8:00AM-9:15AM"},{"Course_Code":"MECO 111 LEC 6","Course_Title":"Principles of Microeconomics","Cr_Hrs":"3","Day_and_Time":"WF 3:30PM-4:45PM"},{"Course_Code":"MECO 2201 LEC 1","Course_Title":"Introduction to Business Economics","Cr_Hrs":"1.5","Day_and_Time":"MTWRF 2:30PM-4:20PM"},{"Course_Code":"MECO 2201 LEC 2","Course_Title":"Introduction to Business Economics","Cr_Hrs":"1.5","Day_and_Time":"MTWRF 4:45PM-6:35PM"},{"Course_Code":"MECO 5201 LEC 1","Course_Title":"Business Economics","Cr_Hrs":"3","Day_and_Time":"MW 8:30AM-10:35AM"},{"Course_Code":"MECO 7301 LEC 1","Course_Title":"Economic Theory","Cr_Hrs":"3","Day_and_Time":"M 12:00PM-3:00PM"},{"Course_Code":"MGMT 142 LEC 1","Course_Title":"Principles of Management","Cr_Hrs":"3","Day_and_Time":"MW 2:00PM-3:15PM"},{"Course_Code":"MGMT 142 LEC 2","Course_Title":"Principles of Management","Cr_Hrs":"3","Day_and_Time":"MW 3:30PM-4:45PM"},{"Course_Code":"MGMT 142 LEC 3","Course_Title":"Principles of Management","Cr_Hrs":"3","Day_and_Time":"MW 11:00AM-12:15PM"},{"Course_Code":"MGMT 142 LEC 4","Course_Title":"Principles of Management","Cr_Hrs":"3","Day_and_Time":"TR 5:00PM-6:15PM"},{"Course_Code":"MGMT 142 LEC 5","Course_Title":"Principles of Management","Cr_Hrs":"3","Day_and_Time":"MW 9:30AM-10:45AM"},{"Course_Code":"MGMT 142 LEC 6","Course_Title":"Principles of Management","Cr_Hrs":"3","Day_and_Time":"TR 9:30AM-10:45AM"},{"Course_Code":"MGMT 212 LEC 1","Course_Title":"Business Communication","Cr_Hrs":"3","Day_and_Time":"MW 9:30AM-10:45AM"},{"Course_Code":"MGMT 212 LEC 2","Course_Title":"Business Communication","Cr_Hrs":"3","Day_and_Time":"MW 11:00AM-12:15PM"},{"Course_Code":"MGMT 212 LEC 3","Course_Title":"Business Communication","Cr_Hrs":"3","Day_and_Time":"MW 12:30PM-1:45PM"},{"Course_Code":"MGMT 212 LEC 4","Course_Title":"Business Communication","Cr_Hrs":"3","Day_and_Time":"MW 9:30AM-10:45AM"},{"Course_Code":"MGMT 212 LEC 5","Course_Title":"Business Communication","Cr_Hrs":"3","Day_and_Time":"MW 2:00PM-3:15PM"},{"Course_Code":"MGMT 242 LEC 1","Course_Title":"Business Ethics & Corporate Social Responsibility","Cr_Hrs":"3","Day_and_Time":"TR 2:00PM-3:15PM"},{"Course_Code":"MGMT 242 LEC 2","Course_Title":"Business Ethics & Corporate Social Responsibility","Cr_Hrs":"3","Day_and_Time":"TR 3:30PM-4:45PM"},{"Course_Code":"MGMT 242 LEC 3","Course_Title":"Business Ethics & Corporate Social Responsibility","Cr_Hrs":"3","Day_and_Time":"TR 11:00AM-12:15PM"},{"Course_Code":"MGMT 243 LEC 1","Course_Title":"Public Administration","Cr_Hrs":"3","Day_and_Time":"MW 2:00PM-3:15PM"},{"Course_Code":"MGMT 244 LEC 1","Course_Title":"Reforming The Public Sector","Cr_Hrs":"3","Day_and_Time":"MW 11:00AM-12:15PM"},{"Course_Code":"MGMT 252 LEC 1","Course_Title":"Logic & Critical Thinking","Cr_Hrs":"3","Day_and_Time":"TR 2:00PM-3:15PM"},{"Course_Code":"MGMT 260 LEC 1","Course_Title":"Business Law","Cr_Hrs":"3","Day_and_Time":"MW 8:00AM-9:15AM"},{"Course_Code":"MGMT 260 LEC 2","Course_Title":"Business Law","Cr_Hrs":"3","Day_and_Time":"MW 9:30AM-10:45AM"},{"Course_Code":"MGMT 260 LEC 3","Course_Title":"Business Law","Cr_Hrs":"3","Day_and_Time":"MW 11:00AM-12:15PM"},{"Course_Code":"MGMT 2601 LEC 1","Course_Title":"Introduction to Management","Cr_Hrs":"1.5","Day_and_Time":"MTWRF 8:30AM-10:20AM"},{"Course_Code":"MGMT 2601 LEC 2","Course_Title":"Introduction to Management","Cr_Hrs":"1.5","Day_and_Time":"MTWRF 10:45AM-12:35PM"},{"Course_Code":"MGMT 261 LEC 1","Course_Title":"Introduction to Policy Analysis","Cr_Hrs":"3","Day_and_Time":"MW 5:00PM-6:15PM"},{"Course_Code":"MGMT 263 LEC 1","Course_Title":"Contemporary Social Policy Issues in Pakistan","Cr_Hrs":"3","Day_and_Time":"TR 11:00AM-12:15PM"},{"Course_Code":"EDU 252 w/ MGMT 263","Course_Title":"Contemporary Social Policy Issues in Pakistan","Cr_Hrs":"3","Day_and_Time":""},{"Course_Code":"MGMT 346 LEC 1","Course_Title":"Sports Management","Cr_Hrs":"3","Day_and_Time":"TR 6:30PM-7:45AM"},{"Course_Code":"MGMT 348 LEC 1","Course_Title":"Internet Governance & Technology Policy","Cr_Hrs":"3","Day_and_Time":"MW 5:00PM-6:15PM"},{"Course_Code":"MGMT 365 LEC 1","Course_Title":"Urban Planning and Management","Cr_Hrs":"3","Day_and_Time":"TR 2:00PM-3:15PM"},{"Course_Code":"MGMT 373 LEC 1","Course_Title":"Personal Effectiveness","Cr_Hrs":"3","Day_and_Time":"MW 8:00AM-9:15AM"},{"Course_Code":"MGMT 382 LEC 1","Course_Title":"Social Entrepreneurship","Cr_Hrs":"3","Day_and_Time":"MW 8:00PM-9:15PM"},{"Course_Code":"MGMT 384 LEC 1","Course_Title":"Entrepreneurship & Management in the\nRestaurant Industry","Cr_Hrs":"3","Day_and_Time":"MW 12:30PM-1:45PM"},{"Course_Code":"MGMT 400 LEC 1","Course_Title":"Strategic Business Management","Cr_Hrs":"3","Day_and_Time":"MW 2:00PM-3:15PM"},{"Course_Code":"MGMT 400 LEC 2","Course_Title":"Strategic Business Management","Cr_Hrs":"3","Day_and_Time":"MW 3:30PM-4:45PM"},{"Course_Code":"MGMT 400 LEC 3","Course_Title":"Strategic Business Management","Cr_Hrs":"3","Day_and_Time":"TR 5:00PM-6:15PM"},{"Course_Code":"MGMT 481 LEC 1","Course_Title":"Entrepreneurship","Cr_Hrs":"3","Day_and_Time":"WF 5:00PM-6:15PM"},{"Course_Code":"MGMT 7501 LEC 1","Course_Title":"Philosophy of Administrative Sciences","Cr_Hrs":"2","Day_and_Time":"W 8:00AM-11:00AM"},{"Course_Code":"MKTG 201 LEC 1","Course_Title":"Principles of Marketing","Cr_Hrs":"3","Day_and_Time":"TR 3:30PM-4:45PM"},{"Course_Code":"MKTG 201 LEC 2","Course_Title":"Principles of Marketing","Cr_Hrs":"3","Day_and_Time":"TR 11:00AM-12:15PM"},{"Course_Code":"MKTG 201 LEC 3","Course_Title":"Principles of Marketing","Cr_Hrs":"3","Day_and_Time":"MW 12:30PM-1:45PM"},{"Course_Code":"MKTG 201 LEC 4","Course_Title":"Principles of Marketing","Cr_Hrs":"3","Day_and_Time":"MW 11:00AM-12:15PM"},{"Course_Code":"MKTG 222 LEC 1","Course_Title":"Retail Management","Cr_Hrs":"3","Day_and_Time":"TR 12:30PM-1:45PM"},{"Course_Code":"MKTG 2401 LEC 1","Course_Title":"Introduction to Marketing","Cr_Hrs":"1.5","Day_and_Time":"MTWRF 8:30AM-10:20AM"},{"Course_Code":"MKTG 2401 LEC 2","Course_Title":"Introduction to Marketing","Cr_Hrs":"1.5","Day_and_Time":"MTWRF 10:45AM-12:35PM"},{"Course_Code":"MKTG 324 LEC 1","Course_Title":"Integrated Marketing Communications","Cr_Hrs":"3","Day_and_Time":"MW 3:30PM-4:45PM"},{"Course_Code":"MKTG 332 LEC 1","Course_Title":"Consumer Behaviour","Cr_Hrs":"3","Day_and_Time":"TR 9:30AM-10:45AM"},{"Course_Code":"MKTG 343 LEC 1","Course_Title":"Marketing Models","Cr_Hrs":"3","Day_and_Time":"MW 9:30AM-10:45AM"},{"Course_Code":"MKTG 344 LEC 1","Course_Title":"Data Driven Marketing","Cr_Hrs":"3","Day_and_Time":"TR 2:00PM-3:15PM"},{"Course_Code":"MKTG 392 LEC 1","Course_Title":"Brand Management","Cr_Hrs":"3","Day_and_Time":"MW 3:30PM-4:45PM"},{"Course_Code":"MKTG 5401 LEC 1","Course_Title":"Marketing Management","Cr_Hrs":"3","Day_and_Time":"TR 2:00PM-4:05PM"},{"Course_Code":"ORSC 201 LEC 1","Course_Title":"Organizational Behaviour","Cr_Hrs":"3","Day_and_Time":"MW 11:00AM-12:15PM"},{"Course_Code":"ORSC 201 LEC 2","Course_Title":"Organizational Behaviour","Cr_Hrs":"3","Day_and_Time":"MW 9:30AM-10:45AM"},{"Course_Code":"ORSC 201 LEC 3","Course_Title":"Organizational Behaviour","Cr_Hrs":"3","Day_and_Time":"MW 11:00AM-12:15PM"},{"Course_Code":"ORSC 201 LEC 4","Course_Title":"Organizational Behaviour","Cr_Hrs":"3","Day_and_Time":"TR 5:00PM-6:15PM"},{"Course_Code":"ORSC 341 LEC 1","Course_Title":"Human Resource Management","Cr_Hrs":"3","Day_and_Time":"TR 11:00AM-12:15PM"},{"Course_Code":"ORSC 5301 LEC 1","Course_Title":"Organizations and Leadership","Cr_Hrs":"3","Day_and_Time":"TR 9:00AM-11:05AM"},{"Course_Code":"ORSC 5301 LEC 1","Course_Title":"Organizations and Leadership","Cr_Hrs":"3","Day_and_Time":"TR 9:00AM-11:05AM"},{"Course_Code":"ORSC 7302 LEC 1","Course_Title":"Applications of Psychology in Management","Cr_Hrs":"3","Day_and_Time":"R 10:00AM-1:00PM"},{"Course_Code":"ORSC 8402 LEC 1","Course_Title":"Seminar in Human Resource Management","Cr_Hrs":"3","Day_and_Time":"M 8:00AM-11:00AM"},{"Course_Code":"PHIL 212 LEC 1","Course_Title":"Plato & Aristotle","Cr_Hrs":"4","Day_and_Time":"TR 4:30PM-6:20PM"},{"Course_Code":"PHIL 213 LEC 1","Course_Title":"History of Western Philosophy from Descarte to\nKant","Cr_Hrs":"4","Day_and_Time":"TR 10:00AM-11:50AM"},{"Course_Code":"PHIL 324 LEC 1","Course_Title":"Environmental Ethics","Cr_Hrs":"4","Day_and_Time":"MW 3:00PM-4:50PM"},{"Course_Code":"PHIL 432 LEC 1","Course_Title":"Mohammed Iqbal & Charles Peirce","Cr_Hrs":"4","Day_and_Time":"TR 12:30PM-2:20PM"},{"Course_Code":"PHY 100 LAB 1","Course_Title":"Experimental Physics Lab I","Cr_Hrs":"2","Day_and_Time":"R 11:30AM-5:20PM"},{"Course_Code":"PHY 100 LAB 2","Course_Title":"Experimental Physics Lab I","Cr_Hrs":"2","Day_and_Time":"T 12:30PM-6:20PM"},{"Course_Code":"PHY 100 LAB 3","Course_Title":"Experimental Physics Lab I","Cr_Hrs":"2","Day_and_Time":"M 8:00AM-1:50PM"},{"Course_Code":"PHY 100 LAB 4","Course_Title":"Experimental Physics Lab I","Cr_Hrs":"2","Day_and_Time":"F 12:30PM-6:20PM"},{"Course_Code":"PHY 101 LEC 1","Course_Title":"Mechanics","Cr_Hrs":"4","Day_and_Time":"TR 9:30AM-10:45AM"},{"Course_Code":"PHY 101 RAC 1","Course_Title":"Mechanics","Cr_Hrs":"4","Day_and_Time":"W 10:30PM-11:20PM"},{"Course_Code":"PHY 101 RAC 2","Course_Title":"Mechanics","Cr_Hrs":"4","Day_and_Time":"R 8:00AM-8:50AM"},{"Course_Code":"PHY 101 LEC 2","Course_Title":"Mechanics","Cr_Hrs":"4","Day_and_Time":"TR 12:30PM-1:45PM"},{"Course_Code":"PHY 101 RAC 3","Course_Title":"Mechanics","Cr_Hrs":"4","Day_and_Time":"M 8:00AM-8:50AM"},{"Course_Code":"PHY 101 RAC 4","Course_Title":"Mechanics","Cr_Hrs":"4","Day_and_Time":"F 10:30AM-11:20AM"},{"Course_Code":"PHY 204 LEC 1","Course_Title":"Electricity and Magnetism","Cr_Hrs":"3","Day_and_Time":"MW 12:00PM-1:15PM"},{"Course_Code":"PHY 212 LEC 1","Course_Title":"Quantum Mechanics I","Cr_Hrs":"3","Day_and_Time":"TR 2:30PM-3:45PM"},{"Course_Code":"PHY 301 LEC 1","Course_Title":"Classical Mechanics","Cr_Hrs":"3","Day_and_Time":"MW 8:00AM-9:15AM"},{"Course_Code":"PHY 313 LEC 1","Course_Title":"Statistical Mechanics","Cr_Hrs":"4","Day_and_Time":"TR 4:00PM-5:50PM"},{"Course_Code":"PHY 510 w/ PHY 313","Course_Title":"Advanced Statistical Mechanics","Cr_Hrs":"4","Day_and_Time":""},{"Course_Code":"PHY 404 LEC 1","Course_Title":"Relativistic Electrodynamics","Cr_Hrs":"3","Day_and_Time":"TR 12:30PM-1:45PM"},{"Course_Code":"PHY 504 w/ PHY 404","Course_Title":"Relativistic Electrodynamics","Cr_Hrs":"3","Day_and_Time":""},{"Course_Code":"PHY 433 LEC 1","Course_Title":"Laser Engineering","Cr_Hrs":"3","Day_and_Time":"TR 11:00AM-12:15PM"},{"Course_Code":"EE 433 w/ PHY 433","Course_Title":"Laser Engineering","Cr_Hrs":"3","Day_and_Time":""},{"Course_Code":"EE 5315 w/ PHY 433","Course_Title":"Laser Engineeri+B432ng","Cr_Hrs":"3","Day_and_Time":""},{"Course_Code":"PHY 5315 w/ PHY 433","Course_Title":"Laser Engineering","Cr_Hrs":"3","Day_and_Time":""},{"Course_Code":"PHY 501 LEC 1","Course_Title":"Electrodynamics","Cr_Hrs":"3","Day_and_Time":"MW 9:30AM-10:45AM"},{"Course_Code":"EE 502 w/ PHY 501","Course_Title":"Electrodynamics","Cr_Hrs":"3","Day_and_Time":""},{"Course_Code":"PHY 5114 LEC 1","Course_Title":"Quantum Algorithms","Cr_Hrs":"3","Day_and_Time":"MW 2:00PM-3:15PM"},{"Course_Code":"PHY 517 LEC 1","Course_Title":"Quantum Mechanics III","Cr_Hrs":"3","Day_and_Time":"TR 9:30AM-10:45AM"},{"Course_Code":"PHY 5313 LEC 1","Course_Title":"Atomic and Laser Physics","Cr_Hrs":"3","Day_and_Time":"MW 3:30PM-4:45PM"},{"Course_Code":"PHY 5314 LEC 1","Course_Title":"Advanced Quantum Field Theory","Cr_Hrs":"3","Day_and_Time":"TR 2:30PM-3:45PM"},{"Course_Code":"POL 100 LEC 1","Course_Title":"Introduction to Political Science","Cr_Hrs":"4","Day_and_Time":"MW 8:00AM-9:50AM"},{"Course_Code":"POL 100 LEC 2","Course_Title":"Introduction to Political Science","Cr_Hrs":"4","Day_and_Time":"TR 10:00AM-11:50AM"},{"Course_Code":"POL 100 LEC 3","Course_Title":"Introduction to Political Science","Cr_Hrs":"4","Day_and_Time":"TR 12:00PM-1:50PM"},{"Course_Code":"POL 131 LEC 1","Course_Title":"Introduction to International Relations","Cr_Hrs":"4","Day_and_Time":"MW 3:00PM-4:50PM"},{"Course_Code":"POL 203 LEC 1","Course_Title":"Western Political Philosophy","Cr_Hrs":"4","Day_and_Time":"TR 6:30PM-8:20PM"},{"Course_Code":"POL 209 LEC 1","Course_Title":"Introduction to Political Economy","Cr_Hrs":"4","Day_and_Time":"MW 4:30PM-6:20PM"},{"Course_Code":"POL 221 LEC 1","Course_Title":"Introduction to Comparative Politics","Cr_Hrs":"4","Day_and_Time":"TR 10:00AM-11:50AM"},{"Course_Code":"POL 225 LEC 1","Course_Title":"Politics of South Asia","Cr_Hrs":"4","Day_and_Time":"MW 10:00AM-11:50AM"},{"Course_Code":"POL 228 LEC 1","Course_Title":"Introduction to Quantative Research Method","Cr_Hrs":"4","Day_and_Time":"WF 4:30PM-6:20PM"},{"Course_Code":"POL 229 LEC 1","Course_Title":"Politics of Armed Groups","Cr_Hrs":"4","Day_and_Time":"TR 2:00PM-3:50PM"},{"Course_Code":"POL 3113 LEC 1","Course_Title":"Political Islam: Ideology & Politics","Cr_Hrs":"4","Day_and_Time":"TR 4:00PM-5:50PM"},{"Course_Code":"POL 322 LEC 1","Course_Title":"Politics of India","Cr_Hrs":"4","Day_and_Time":"MW 4:00PM-5:50PM"},{"Course_Code":"POL 328 LEC 1","Course_Title":"Politics of Pakistan","Cr_Hrs":"4","Day_and_Time":"MW 2:00PM-3:50PM"},{"Course_Code":"POL 331 LEC 1","Course_Title":"Pakistan's Foreign Relations","Cr_Hrs":"4","Day_and_Time":"TR 10:00AM-11:50AM"},{"Course_Code":"POL 431A LEC 1","Course_Title":"Philosophy and Politics of Global Ecology","Cr_Hrs":"4","Day_and_Time":"TR 4:00PM-5:50PM"},{"Course_Code":"POL 464 LEC 1","Course_Title":"Political Sociology","Cr_Hrs":"4","Day_and_Time":"MW 4:00PM-5:50PM"},{"Course_Code":"PSY 100 LEC 1","Course_Title":"Introduction to psychology and human behavior","Cr_Hrs":"4","Day_and_Time":"MW 4:00PM-5:50PM"},{"Course_Code":"PSY 100 LEC 2","Course_Title":"Introduction to psychology and human behavior","Cr_Hrs":"4","Day_and_Time":"MW 10:00AM-11:50AM"},{"Course_Code":"PSY 203 LEC 1","Course_Title":"Consumer Psychology","Cr_Hrs":"4","Day_and_Time":"MW 2:00PM-3:50PM"},{"Course_Code":"PSY 212 LEC 1","Course_Title":"Theories of Learning","Cr_Hrs":"4","Day_and_Time":"TR 10:00AM-11:50AM"},{"Course_Code":"PSY 220 LEC 1","Course_Title":"Psychopathaology","Cr_Hrs":"4","Day_and_Time":"TR 4:00PM-5:50PM"},{"Course_Code":"PSY 300 LEC 1","Course_Title":"Social Psychology","Cr_Hrs":"4","Day_and_Time":"WF 4:00PM-5:50PM"},{"Course_Code":"PSY 303 LEC 1","Course_Title":"Research Methods in Psychology","Cr_Hrs":"4","Day_and_Time":"MW 9:00AM-10:50AM"},{"Course_Code":"PSY 305 LEC 1","Course_Title":"Judgement and Decision Making","Cr_Hrs":"4","Day_and_Time":"TR 8:00AM-9:50AM"},{"Course_Code":"PSY 313 LEC 1","Course_Title":"Mind The App: The Psychology of Technology,\nthe Internet, and Social Media","Cr_Hrs":"4","Day_and_Time":"TR 2:30PM-4:20PM"},{"Course_Code":"REL 212 LEC 1","Course_Title":"Religion After Modernity","Cr_Hrs":"4","Day_and_Time":"MW 6:30PM-8:20PM"},{"Course_Code":"REL 215 LEC 1","Course_Title":"Sufism: Key Texts and Cultural Practices","Cr_Hrs":"4","Day_and_Time":"TR 10:00AM-11:50AM"},{"Course_Code":"REL 224 LEC 1","Course_Title":"Introduction to Quranic and Modern Standard\nArabic","Cr_Hrs":"4","Day_and_Time":"TR 2:00PM-3:50PM"},{"Course_Code":"REL 232 LEC 1","Course_Title":"Approaches to the Study of Islam","Cr_Hrs":"4","Day_and_Time":"TR 4:00PM-5:50PM"},{"Course_Code":"REL 333 LEC 1","Course_Title":"The Art of Healing in Medieval Islam","Cr_Hrs":"4","Day_and_Time":"TR 12:00PM-1:50PM"},{"Course_Code":"HIST 3316 w/ REL 333","Course_Title":"The Art of Healing in Medieval Islam","Cr_Hrs":"4","Day_and_Time":""},{"Course_Code":"REL 412 LEC 1","Course_Title":"Religion, Ethics and Pragmatism","Cr_Hrs":"4","Day_and_Time":"TR 10:30AM-12:20PM"},{"Course_Code":"SCI 103 LEC 1","Course_Title":"Intro to Environmental Sciences","Cr_Hrs":"3","Day_and_Time":"WF 8:00AM-9:15AM"},{"Course_Code":"SOC 100 LEC 1","Course_Title":"Introduction to Sociology","Cr_Hrs":"4","Day_and_Time":"MW 2:00PM-3:50PM"},{"Course_Code":"SOC 100 LEC 2","Course_Title":"Introduction to Sociology","Cr_Hrs":"4","Day_and_Time":"WF 4:00PM-5:50PM"},{"Course_Code":"SOC 230 LEC 1","Course_Title":"Global Cities 1300 A.D - 2000 A.D","Cr_Hrs":"4","Day_and_Time":"TR 2:00PM-3:50PM"},{"Course_Code":"SOC 237 LEC 1","Course_Title":"Remaking the Modern World: Technology &\nSocial Change","Cr_Hrs":"4","Day_and_Time":"MW 10:00AM-11:50AM"},{"Course_Code":"SOC 243 LEC 1","Course_Title":"Politics of Class & Markets","Cr_Hrs":"4","Day_and_Time":"TR 8:00AM-9:50AM"},{"Course_Code":"SOC 265 LEC 1","Course_Title":"Introduction to Gender and Sexuality Studies","Cr_Hrs":"4","Day_and_Time":"MW 6:30PM-8:20PM"},{"Course_Code":"GSS 210 w/ SOC 265","Course_Title":"Introduction to Gender and Sexuality Studies","Cr_Hrs":"4","Day_and_Time":""},{"Course_Code":"SOC 310 LEC 1","Course_Title":"Classical Sociological Theory","Cr_Hrs":"4","Day_and_Time":"TR 10:00AM-11:50AM"},{"Course_Code":"SOC 321 LEC 1","Course_Title":"Comparative & International Education","Cr_Hrs":"4","Day_and_Time":"TR 4:00PM-5:50PM"},{"Course_Code":"EDU 354 w/ SOC 321","Course_Title":"Comparative & International Education","Cr_Hrs":"4","Day_and_Time":""},{"Course_Code":"SOC 410 LEC 1","Course_Title":"Max Weber","Cr_Hrs":"4","Day_and_Time":"MW 4:00PM-5:50PM"},{"Course_Code":"SOC 433 LEC 1","Course_Title":"Islam in the South Asian Present","Cr_Hrs":"4","Day_and_Time":"MW 10:00AM-11:50AM"},{"Course_Code":"SS 100 LEC 1","Course_Title":"Writing and Communication","Cr_Hrs":"4","Day_and_Time":"WF 8:00AM-9:50AM"},{"Course_Code":"SS 100 LEC 2","Course_Title":"Writing and Communication","Cr_Hrs":"4","Day_and_Time":"MW 12:00PM-1:50PM"},{"Course_Code":"SS 100 LEC 3","Course_Title":"Writing and Communication","Cr_Hrs":"4","Day_and_Time":"TR 10:00AM-11:50AM"},{"Course_Code":"SS 100 LEC 4","Course_Title":"Writing and Communication","Cr_Hrs":"4","Day_and_Time":"MW 10:00AM-11:50AM"},{"Course_Code":"SS 100 LEC 5","Course_Title":"Writing and Communication","Cr_Hrs":"4","Day_and_Time":"TR 1:30PM-3:20PM"},{"Course_Code":"SS 100 LEC 6","Course_Title":"Writing and Communication","Cr_Hrs":"4","Day_and_Time":"WF 2:00PM-3:50PM"},{"Course_Code":"SS 100 LEC 7","Course_Title":"Writing and Communication","Cr_Hrs":"4","Day_and_Time":"MW 8:00AM-9:50AM"},{"Course_Code":"SS 100 LEC 8","Course_Title":"Writing and Communication","Cr_Hrs":"4","Day_and_Time":"MW 12:00PM-1:50PM"},{"Course_Code":"SS 100 LEC 9","Course_Title":"Writing and Communication","Cr_Hrs":"4","Day_and_Time":"MW 8:00AM-9:50AM"},{"Course_Code":"SS 100 LEC 10","Course_Title":"Writing and Communication","Cr_Hrs":"4","Day_and_Time":"TR 8:00AM-9:50AM"},{"Course_Code":"SS 100 LEC 11","Course_Title":"Writing and Communication","Cr_Hrs":"4","Day_and_Time":"TR 10:00AM-11:50AM"},{"Course_Code":"SS 100 LEC 12","Course_Title":"Writing and Communication","Cr_Hrs":"4","Day_and_Time":"MW 10:30AM-12:20PM"},{"Course_Code":"SS 100 LEC 13","Course_Title":"Writing and Communication","Cr_Hrs":"4","Day_and_Time":"TR 12:00PM-1:50PM"},{"Course_Code":"SS 100 LEC 14","Course_Title":"Writing and Communication","Cr_Hrs":"4","Day_and_Time":"MW 10:00AM-11:50AM"},{"Course_Code":"SS 100 LEC 15","Course_Title":"Writing and Communication","Cr_Hrs":"4","Day_and_Time":"TR 4:30PM-6:20PM"},{"Course_Code":"SS 100 LEC 16","Course_Title":"Writing and Communication","Cr_Hrs":"4","Day_and_Time":"WF 4:00PM-5:50PM"},{"Course_Code":"SS 100 LEC 17","Course_Title":"Writing and Communication","Cr_Hrs":"4","Day_and_Time":"WF 9:00AM-10:50AM"},{"Course_Code":"SS 100 LEC 18","Course_Title":"Writing and Communication","Cr_Hrs":"4","Day_and_Time":"TR 12:00PM-1:50PM"},{"Course_Code":"SS 100 LEC 19","Course_Title":"Writing and Communication","Cr_Hrs":"4","Day_and_Time":"TR 11:30AM-1:20PM"},{"Course_Code":"SS 100 LEC 20","Course_Title":"Writing and Communication","Cr_Hrs":"4","Day_and_Time":"TR 10:30AM-12:20PM"},{"Course_Code":"SS 100 LEC 21","Course_Title":"Writing and Communication","Cr_Hrs":"4","Day_and_Time":"TR 12:30PM-2:20PM"},{"Course_Code":"SS 100 LEC 22","Course_Title":"Writing and Communication","Cr_Hrs":"4","Day_and_Time":"TR 8:00AM-9:50AM"},{"Course_Code":"SS 100A LEC 1","Course_Title":"Introduction to Writing","Cr_Hrs":"2","Day_and_Time":"WF 4:00PM-4:50PM"},{"Course_Code":"SS 100A LEC 2","Course_Title":"Introduction to Writing","Cr_Hrs":"2","Day_and_Time":"TR 4:00PM-4:50PM"},{"Course_Code":"SS 100A LEC 3","Course_Title":"Introduction to Writing","Cr_Hrs":"2","Day_and_Time":"WF 3:00PM-3:50PM"},{"Course_Code":"SS 100A LEC 4","Course_Title":"Introduction to Writing","Cr_Hrs":"2","Day_and_Time":"WF 5:00PM-5:50PM"},{"Course_Code":"SS 100A LEC 5","Course_Title":"Introduction to Writing","Cr_Hrs":"2","Day_and_Time":"WF 2:00PM-2:50PM"},{"Course_Code":"SS 100A LEC 6","Course_Title":"Introduction to Writing","Cr_Hrs":"2","Day_and_Time":"TR 2:30PM-3:20PM"},{"Course_Code":"SS 100A LEC 7","Course_Title":"Introduction to Writing","Cr_Hrs":"2","Day_and_Time":"TR 5:00PM-5:50PM"},{"Course_Code":"SS 101 LEC 1","Course_Title":"Islamic Studies","Cr_Hrs":"2","Day_and_Time":"M 8:00AM-9:50AM"},{"Course_Code":"SS 101 LEC 2","Course_Title":"Islamic Studies","Cr_Hrs":"2","Day_and_Time":"M 10:00AM-11:50AM"},{"Course_Code":"SS 101 LEC 3","Course_Title":"Islamic Studies","Cr_Hrs":"2","Day_and_Time":"W 11:30AM-1:20PM"},{"Course_Code":"SS 101 LEC 4","Course_Title":"Islamic Studies","Cr_Hrs":"2","Day_and_Time":"F 8:00AM-9:50AM"},{"Course_Code":"SS 101 LEC 5","Course_Title":"Islamic Studies","Cr_Hrs":"2","Day_and_Time":"W 8:00AM-9:50AM"},{"Course_Code":"SS 102 LEC 1","Course_Title":"Pakistan Studies: Culture and Heritage","Cr_Hrs":"2","Day_and_Time":"T 8:00AM-9:50AM"},{"Course_Code":"SS 102 LEC 2","Course_Title":"Pakistan Studies: Culture and Heritage","Cr_Hrs":"2","Day_and_Time":"R 8:00AM-9:50AM"},{"Course_Code":"SS 102 LEC 3","Course_Title":"Pakistan Studies: Culture and Heritage","Cr_Hrs":"2","Day_and_Time":"M 8:00AM-9:50AM"},{"Course_Code":"SS 102 LEC 4","Course_Title":"Pakistan Studies: Culture and Heritage","Cr_Hrs":"2","Day_and_Time":"R 10:00AM-11:50AM"},{"Course_Code":"SS 102 LEC 5","Course_Title":"Pakistan Studies: Culture and Heritage","Cr_Hrs":"2","Day_and_Time":"F 8:00AM-9:50AM"},{"Course_Code":"SS 102 LEC 6","Course_Title":"Pakistan Studies: Culture and Heritage","Cr_Hrs":"2","Day_and_Time":"M 11:00AM-12:50PM"},{"Course_Code":"SS 187 LEC 1","Course_Title":"Applied Statistics for Humanities","Cr_Hrs":"4","Day_and_Time":"TR 12:00PM-1:50PM"},{"Course_Code":"SS 2321 LEC 1","Course_Title":"Professional Communication Skills","Cr_Hrs":"4","Day_and_Time":"TR 4:30PM-6:20PM"},{"Course_Code":"SS 272 LEC 1","Course_Title":"Telling Stories with Data","Cr_Hrs":"4","Day_and_Time":"MW 10:30AM-12:20PM"},{"Course_Code":"SWR 102 PRT 1","Course_Title":"Swimming for Beginners","Cr_Hrs":"1","Day_and_Time":"TR 9:00AM-10:15AM"},{"Course_Code":"SWR 102 PRT 1","Course_Title":"Swimming for Beginners","Cr_Hrs":"1","Day_and_Time":"TR 9:00AM-10:15AM"},{"Course_Code":"SWR 102 PRT 2","Course_Title":"Swimming for Beginners","Cr_Hrs":"1","Day_and_Time":"MW 9:00AM-10:15AM"},{"Course_Code":"SWR 102 PRT 2","Course_Title":"Swimming for Beginners","Cr_Hrs":"1","Day_and_Time":"MW 9:00AM-10:15AM"},{"Course_Code":"SWR 102 PRT 3","Course_Title":"Swimming for Beginners","Cr_Hrs":"1","Day_and_Time":"MW 3:00PM-4:15PM"},{"Course_Code":"SWR 102 PRT 3","Course_Title":"Swimming for Beginners","Cr_Hrs":"1","Day_and_Time":"MW 3:00PM-4:15PM"},{"Course_Code":"SWR 102 PRT 4","Course_Title":"Swimming for Beginners","Cr_Hrs":"1","Day_and_Time":"TR 3:00PM-4:15PM"},{"Course_Code":"SWR 102 PRT 4","Course_Title":"Swimming for Beginners","Cr_Hrs":"1","Day_and_Time":"TR 3:00PM-4:15PM"},{"Course_Code":"SWR 103 PRT 1","Course_Title":"Strength Training and Conditioning for Beginners","Cr_Hrs":"1","Day_and_Time":"MW 10:00AM-11:15AM"},{"Course_Code":"SWR 103 PRT 2","Course_Title":"Strength Training and Conditioning for Beginners","Cr_Hrs":"1","Day_and_Time":"TR 10:00AM-11:15AM"},{"Course_Code":"SWR 103 PRT 3","Course_Title":"Strength Training and Conditioning for Beginners","Cr_Hrs":"1","Day_and_Time":"TR 4:30PM-5:45PM"},{"Course_Code":"SWR 103 PRT 4","Course_Title":"Strength Training and Conditioning for Beginners","Cr_Hrs":"1","Day_and_Time":"MW 10:00AM-11:15AM"},{"Course_Code":"SWR 103 PRT 5","Course_Title":"Strength Training and Conditioning for Beginners","Cr_Hrs":"1","Day_and_Time":"TR 11:30AM-12:45PM"},{"Course_Code":"SWR 103 PRT 6","Course_Title":"Strength Training and Conditioning for Beginners","Cr_Hrs":"1","Day_and_Time":"WF 3:00PM-4:15PM"},{"Course_Code":"SWR 104 PRT 1","Course_Title":"Basketball for beginners","Cr_Hrs":"1","Day_and_Time":"MW 11:30AM-12:45PM"},{"Course_Code":"SWR 104 PRT 2","Course_Title":"Basketball for beginners","Cr_Hrs":"1","Day_and_Time":"MW 10:00AM-11:15AM"},{"Course_Code":"SWR 105 PRT 1","Course_Title":"Walk, Jog and Stretch for Fitness","Cr_Hrs":"1","Day_and_Time":"TR 3:30PM-4:45PM"},{"Course_Code":"SWR 105 PRT 2","Course_Title":"Walk, Jog and Stretch for Fitness","Cr_Hrs":"1","Day_and_Time":"TR 5:00PM-6:15PM"},{"Course_Code":"","Course_Title":"","Cr_Hrs":"","Day_and_Time":""},{"Course_Code":"","Course_Title":"","Cr_Hrs":"","Day_and_Time":""},{"Course_Code":"","Course_Title":"","Cr_Hrs":"","Day_and_Time":""},{"Course_Code":"","Course_Title":"","Cr_Hrs":"","Day_and_Time":""},{"Course_Code":"","Course_Title":"","Cr_Hrs":"","Day_and_Time":""},{"Course_Code":"","Course_Title":"","Cr_Hrs":"","Day_and_Time":""},{"Course_Code":"","Course_Title":"","Cr_Hrs":"","Day_and_Time":""},{"Course_Code":"","Course_Title":"","Cr_Hrs":"","Day_and_Time":""},{"Course_Code":"","Course_Title":"","Cr_Hrs":"","Day_and_Time":""},{"Course_Code":"","Course_Title":"","Cr_Hrs":"","Day_and_Time":""},{"Course_Code":"","Course_Title":"","Cr_Hrs":"","Day_and_Time":""}]}}}