{"namedChunkGroups":{"polyfill":{"name":"polyfill","assets":[{"name":"webpack-runtime-571f474479423bdbcbf5.js","size":4303},{"name":"polyfill-50d27a438fc0ead29a33.js","size":84346}],"filteredAssets":0,"assetsSize":88649,"filteredAuxiliaryAssets":2,"auxiliaryAssetsSize":223153},"app":{"name":"app","assets":[{"name":"webpack-runtime-571f474479423bdbcbf5.js","size":4303},{"name":"framework-b15da1135dc201fb0106.js","size":128880},{"name":"app-76aba720d7e577e8d1ba.js","size":50296}],"filteredAssets":0,"assetsSize":183479,"filteredAuxiliaryAssets":3,"auxiliaryAssetsSize":545363},"component---src-pages-404-js":{"name":"component---src-pages-404-js","assets":[{"name":"component---src-pages-404-js-fcb8866fc3c33b162d30.js","size":821}],"filteredAssets":0,"assetsSize":821,"filteredAuxiliaryAssets":1,"auxiliaryAssetsSize":1987},"component---src-pages-index-js":{"name":"component---src-pages-index-js","assets":[{"name":"styles.221ce20fa808e243f767.css","size":3749},{"name":"component---src-pages-index-js-56cc30dfc68748d9b218.js","size":14784}],"filteredAssets":0,"assetsSize":18533,"filteredAuxiliaryAssets":1,"auxiliaryAssetsSize":31947}},"assetsByChunkName":{"polyfill":["webpack-runtime-571f474479423bdbcbf5.js","polyfill-50d27a438fc0ead29a33.js"],"app":["webpack-runtime-571f474479423bdbcbf5.js","framework-b15da1135dc201fb0106.js","app-76aba720d7e577e8d1ba.js"],"component---src-pages-404-js":["component---src-pages-404-js-fcb8866fc3c33b162d30.js"],"component---src-pages-index-js":["styles.221ce20fa808e243f767.css","component---src-pages-index-js-56cc30dfc68748d9b218.js"]},"childAssetsByChunkName":{}}